[
  {
    "value": "Python for Expert",
    "synonyms": [
      "Python for Expert"
    ]
  },
  {
    "value": "Python for Beginner",
    "synonyms": [
      "Python for Beginner"
    ]
  },
  {
    "value": "Java for Beginner",
    "synonyms": [
      "Java for Beginner"
    ]
  },
  {
    "value": "Java for Expert",
    "synonyms": [
      "Java for Expert"
    ]
  },
  {
    "value": "React application",
    "synonyms": [
      "React application"
    ]
  },
  {
    "value": "ML for Future",
    "synonyms": [
      "ML for Future"
    ]
  },
  {
    "value": "Chatbot for Enterprise",
    "synonyms": [
      "Chatbot for Enterprise"
    ]
  },
  {
    "value": "Yeah",
    "synonyms": [
      "Yeah"
    ]
  },
  {
    "value": "เปิดตัวมด",
    "synonyms": [
      "เปิดตัวมด"
    ]
  },
  {
    "value": "Test 2",
    "synonyms": [
      "Test 2"
    ]
  },
  {
    "value": "Linux for Newbie",
    "synonyms": [
      "Linux for Newbie"
    ]
  },
  {
    "value": "Test Course",
    "synonyms": [
      "Test Course"
    ]
  },
  {
    "value": "Test course",
    "synonyms": [
      "Test course"
    ]
  },
  {
    "value": "แมวเหมียส",
    "synonyms": [
      "แมวเหมียส"
    ]
  },
  {
    "value": "แมว 1 ",
    "synonyms": [
      "แมว 1 "
    ]
  },
  {
    "value": "Catto",
    "synonyms": [
      "Catto"
    ]
  },
  {
    "value": "test catto",
    "synonyms": [
      "test catto"
    ]
  },
  {
    "value": "testja",
    "synonyms": [
      "testja"
    ]
  },
  {
    "value": "แมวๆ",
    "synonyms": [
      "แมวๆ"
    ]
  },
  {
    "value": "chatbot with dialogflow",
    "synonyms": [
      "chatbot with dialogflow"
    ]
  },
  {
    "value": "Test 18",
    "synonyms": [
      "Test 18"
    ]
  },
  {
    "value": "Test18",
    "synonyms": [
      "Test18"
    ]
  },
  {
    "value": "Test19",
    "synonyms": [
      "Test19"
    ]
  },
  {
    "value": "xxx",
    "synonyms": [
      "xxx"
    ]
  },
  {
    "value": "Python for Newbie",
    "synonyms": [
      "Python for Newbie"
    ]
  },
  {
    "value": "Linux ",
    "synonyms": [
      "Linux "
    ]
  },
  {
    "value": "Linux 101",
    "synonyms": [
      "Linux 101"
    ]
  },
  {
    "value": "Python 101",
    "synonyms": [
      "Python 101"
    ]
  },
  {
    "value": "Linux for Beginner",
    "synonyms": [
      "Linux for Beginner"
    ]
  },
  {
    "value": "Java for Everyone",
    "synonyms": [
      "Java for Everyone"
    ]
  },
  {
    "value": "MERN Stack",
    "synonyms": [
      "MERN Stack"
    ]
  },
  {
    "value": "ReactJs",
    "synonyms": [
      "ReactJs"
    ]
  },
  {
    "value": "Node.JS",
    "synonyms": [
      "Node.JS"
    ]
  },
  {
    "value": "Pool party",
    "synonyms": [
      "Pool party"
    ]
  },
  {
    "value": "Party 300%",
    "synonyms": [
      "Party 300%"
    ]
  },
  {
    "value": "Hello world,Hello world",
    "synonyms": [
      "Hello world,Hello world"
    ]
  },
  {
    "value": "ReactJS for Dev,ReactJS for Dev",
    "synonyms": [
      "ReactJS for Dev,ReactJS for Dev"
    ]
  },
  {
    "value": "React for Dev,React for Dev",
    "synonyms": [
      "React for Dev,React for Dev"
    ]
  },
  {
    "value": "React for Dev,React for Dev",
    "synonyms": [
      "React for Dev,React for Dev"
    ]
  },
  {
    "value": "React for Dev,React for Dev",
    "synonyms": [
      "React for Dev,React for Dev"
    ]
  },
  {
    "value": "React for Dev,React for Dev",
    "synonyms": [
      "React for Dev,React for Dev"
    ]
  },
  {
    "value": "React for Dev,React for Dev",
    "synonyms": [
      "React for Dev,React for Dev"
    ]
  },
  {
    "value": "React for Dev,React for Dev",
    "synonyms": [
      "React for Dev,React for Dev"
    ]
  },
  {
    "value": "React for Dev,React for Dev",
    "synonyms": [
      "React for Dev,React for Dev"
    ]
  },
  {
    "value": "React for Dev,React for Dev",
    "synonyms": [
      "React for Dev,React for Dev"
    ]
  },
  {
    "value": "React for Dev,React for Dev",
    "synonyms": [
      "React for Dev,React for Dev"
    ]
  },
  {
    "value": "React for Dev,React for Dev",
    "synonyms": [
      "React for Dev,React for Dev"
    ]
  },
  {
    "value": "React for Dev,React for Dev",
    "synonyms": [
      "React for Dev,React for Dev"
    ]
  },
  {
    "value": "React for Dev",
    "synonyms": [
      "React for Dev"
    ]
  },
  {
    "value": "React for Developer",
    "synonyms": [
      "React for Developer"
    ]
  },
  {
    "value": "NodeJS for Developer",
    "synonyms": [
      "NodeJS for Developer"
    ]
  },
  {
    "value": "Node.JS for Dev",
    "synonyms": [
      "Node.JS for Dev"
    ]
  },
  {
    "value": "Node.js for Developer",
    "synonyms": [
      "Node.js for Developer"
    ]
  },
  {
    "value": "Node test",
    "synonyms": [
      "Node test"
    ]
  },
  {
    "value": "Node test1",
    "synonyms": [
      "Node test1"
    ]
  },
  {
    "value": "Node tes",
    "synonyms": [
      "Node tes"
    ]
  },
  {
    "value": "Node test3",
    "synonyms": [
      "Node test3"
    ]
  },
  {
    "value": "Node test professional",
    "synonyms": [
      "Node test professional"
    ]
  },
  {
    "value": "Loan",
    "synonyms": [
      "Loan"
    ]
  },
  {
    "value": "Loan for new student",
    "synonyms": [
      "Loan for new student"
    ]
  },
  {
    "value": "Loan again",
    "synonyms": [
      "Loan again"
    ]
  },
  {
    "value": "Loan new",
    "synonyms": [
      "Loan new"
    ]
  },
  {
    "value": "React for Newbie",
    "synonyms": [
      "React for Newbie"
    ]
  },
  {
    "value": "ทดสอบ-1",
    "synonyms": [
      "ทดสอบ-1"
    ]
  },
  {
    "value": "ทดสอบ-2",
    "synonyms": [
      "ทดสอบ-2"
    ]
  },
  {
    "value": "test-Surat",
    "synonyms": [
      "test-Surat"
    ]
  },
  {
    "value": "test Surat",
    "synonyms": [
      "test Surat"
    ]
  },
  {
    "value": "a",
    "synonyms": [
      "a"
    ]
  }
]