[
  {
    "id": "c55d241a-8f5c-4b46-ad9f-7bf9c4ac0fd9",
    "data": [
      {
        "text": "ส่งเเบบสอบถาม",
        "userDefined": false
      }
    ],
    "isTemplate": false,
    "count": 1,
    "lang": "th",
    "updated": 0
  },
  {
    "id": "238027a6-3e05-4a39-b5f1-4555a9dbd369",
    "data": [
      {
        "text": "ส่งแบบสอบถาม",
        "userDefined": false
      }
    ],
    "isTemplate": false,
    "count": 0,
    "lang": "th",
    "updated": 0
  }
]