[
  {
    "id": "d5c00d1a-7392-4410-94ab-ad02d66247d5",
    "data": [
      {
        "text": "เเสดงผู้สมัคร",
        "userDefined": false
      }
    ],
    "isTemplate": false,
    "count": 0,
    "lang": "th",
    "updated": 0
  },
  {
    "id": "d93241c2-886f-4a8f-9bc6-186d13a108a9",
    "data": [
      {
        "text": "รายการดูผู้สมัคร",
        "userDefined": false
      }
    ],
    "isTemplate": false,
    "count": 0,
    "lang": "th",
    "updated": 0
  },
  {
    "id": "5568045c-96cb-4ef1-8b4e-b380b57dca5e",
    "data": [
      {
        "text": "ราย",
        "meta": "@sys.ignore",
        "userDefined": false
      },
      {
        "text": "ชื่อผู้สมัคร",
        "userDefined": false
      }
    ],
    "isTemplate": false,
    "count": 0,
    "lang": "th",
    "updated": 0
  }
]