[
  {
    "id": "ede81c26-14d3-4a2b-a649-e65c988ce888",
    "data": [
      {
        "text": "6",
        "meta": "@sys.number",
        "alias": "queryText",
        "userDefined": false
      }
    ],
    "isTemplate": false,
    "count": 0,
    "lang": "th",
    "updated": 0
  },
  {
    "id": "ea31e901-f064-408f-a5be-ed49f53a9f4e",
    "data": [
      {
        "text": "5",
        "meta": "@sys.number",
        "alias": "queryText",
        "userDefined": false
      }
    ],
    "isTemplate": false,
    "count": 0,
    "lang": "th",
    "updated": 0
  },
  {
    "id": "b8b0f89f-0c86-422b-9900-5bd63fb41d21",
    "data": [
      {
        "text": "4",
        "meta": "@sys.number",
        "alias": "queryText",
        "userDefined": false
      }
    ],
    "isTemplate": false,
    "count": 0,
    "lang": "th",
    "updated": 0
  },
  {
    "id": "24a929ef-d959-4d05-b383-ceb070af8eca",
    "data": [
      {
        "text": "3",
        "meta": "@sys.number",
        "alias": "queryText",
        "userDefined": false
      }
    ],
    "isTemplate": false,
    "count": 0,
    "lang": "th",
    "updated": 0
  },
  {
    "id": "139123c3-8246-428f-850b-a3010f86add7",
    "data": [
      {
        "text": "2",
        "meta": "@sys.number",
        "alias": "queryText",
        "userDefined": false
      }
    ],
    "isTemplate": false,
    "count": 0,
    "lang": "th",
    "updated": 0
  },
  {
    "id": "5fe9875c-5ab1-4e9a-b938-dd97bb3663de",
    "data": [
      {
        "text": "1",
        "meta": "@sys.number",
        "alias": "queryText",
        "userDefined": false
      }
    ],
    "isTemplate": false,
    "count": 0,
    "lang": "th",
    "updated": 0
  },
  {
    "id": "fd0af320-bb13-4b93-84f3-e3b5d05b0ece",
    "data": [
      {
        "text": "0",
        "meta": "@sys.number",
        "alias": "queryText",
        "userDefined": false
      }
    ],
    "isTemplate": false,
    "count": 0,
    "lang": "th",
    "updated": 0
  }
]