[
  {
    "id": "44762830-9c67-4eb5-b84b-1792d9a2e3b5",
    "data": [
      {
        "text": "สวัสดี",
        "userDefined": false
      }
    ],
    "isTemplate": false,
    "count": 0,
    "lang": "th",
    "updated": 0
  },
  {
    "id": "2820cc49-a9ad-41c9-8e85-94a49676a7d1",
    "data": [
      {
        "text": "หวัดดีจ้ะ",
        "userDefined": false
      }
    ],
    "isTemplate": false,
    "count": 0,
    "lang": "th",
    "updated": 0
  },
  {
    "id": "d7ea20d2-1cac-4f5e-afe0-ea2b465382d3",
    "data": [
      {
        "text": "สวัสดีน้า",
        "userDefined": false
      }
    ],
    "isTemplate": false,
    "count": 0,
    "lang": "th",
    "updated": 0
  },
  {
    "id": "614989e3-f6b9-41b1-a858-de666ab260a4",
    "data": [
      {
        "text": "ว่าไง",
        "userDefined": false
      }
    ],
    "isTemplate": false,
    "count": 0,
    "lang": "th",
    "updated": 0
  },
  {
    "id": "dc657c78-14d1-4374-98a2-5789fe4d8e79",
    "data": [
      {
        "text": "สวีดัส",
        "userDefined": false
      }
    ],
    "isTemplate": false,
    "count": 0,
    "lang": "th",
    "updated": 0
  },
  {
    "id": "fe023e86-0f05-4d82-84e3-f22d532976c4",
    "data": [
      {
        "text": "สวัสดีจ้ะ",
        "userDefined": false
      }
    ],
    "isTemplate": false,
    "count": 0,
    "lang": "th",
    "updated": 0
  },
  {
    "id": "c27df4b2-8775-46d1-a99f-c91a5bad9c04",
    "data": [
      {
        "text": "หวัดดีจ้า",
        "userDefined": false
      }
    ],
    "isTemplate": false,
    "count": 0,
    "lang": "th",
    "updated": 0
  },
  {
    "id": "d631ca4d-5f8d-467f-94e2-4e4cbfdd444d",
    "data": [
      {
        "text": "ไม่เจอกันตั้งนาน",
        "userDefined": false
      }
    ],
    "isTemplate": false,
    "count": 0,
    "lang": "th",
    "updated": 0
  },
  {
    "id": "8da6eb43-4b56-4ee8-b379-8ed7b4145ec0",
    "data": [
      {
        "text": "ขอทักทาย",
        "userDefined": false
      }
    ],
    "isTemplate": false,
    "count": 0,
    "lang": "th",
    "updated": 0
  },
  {
    "id": "18a5eaab-c30a-475e-95df-ca161027dd1e",
    "data": [
      {
        "text": "หวัดดี",
        "userDefined": false
      }
    ],
    "isTemplate": false,
    "count": 0,
    "lang": "th",
    "updated": 0
  }
]