[
  {
    "id": "1393fc22-3720-4a0a-a6ba-05b41d4894c3",
    "data": [
      {
        "text": "แสดงรายการอบรม",
        "meta": "@sys.ignore",
        "userDefined": true
      }
    ],
    "isTemplate": false,
    "count": 0,
    "lang": "th",
    "updated": 0
  },
  {
    "id": "c75cfc6a-dd82-4a03-b951-30fcced6abe3",
    "data": [
      {
        "text": "รายการอบรม",
        "meta": "@sys.ignore",
        "userDefined": true
      }
    ],
    "isTemplate": false,
    "count": 0,
    "lang": "th",
    "updated": 0
  }
]