[
  {
    "id": "3dce4efa-3ac0-4289-9e34-eda9f9d426fd",
    "data": [
      {
        "text": "สมัคร",
        "meta": "@Command",
        "alias": "command",
        "userDefined": false
      },
      {
        "text": " ",
        "userDefined": false
      },
      {
        "text": "React for Web Application",
        "meta": "@CourseName",
        "alias": "courseName",
        "userDefined": true
      }
    ],
    "isTemplate": false,
    "count": 0,
    "lang": "th",
    "updated": 0
  },
  {
    "id": "1aa662b0-f481-44b9-a9ec-e9e8154753ca",
    "data": [
      {
        "text": "สมัคร",
        "meta": "@Command",
        "alias": "command",
        "userDefined": false
      },
      {
        "text": " ",
        "userDefined": false
      },
      {
        "text": "Java for Expert",
        "meta": "@CourseName",
        "alias": "courseName",
        "userDefined": false
      }
    ],
    "isTemplate": false,
    "count": 0,
    "lang": "th",
    "updated": 0
  },
  {
    "id": "1de361c4-83de-489b-98f7-b6821d908cdd",
    "data": [
      {
        "text": "สมัคร",
        "meta": "@Command",
        "alias": "command",
        "userDefined": false
      },
      {
        "text": " ",
        "userDefined": false
      },
      {
        "text": "Python for Beginner",
        "meta": "@CourseName",
        "alias": "courseName",
        "userDefined": false
      }
    ],
    "isTemplate": false,
    "count": 0,
    "lang": "th",
    "updated": 0
  },
  {
    "id": "5e2001b2-13e9-4e37-bbb2-ef02e3530ba6",
    "data": [
      {
        "text": "สมัคร",
        "meta": "@Command",
        "alias": "command",
        "userDefined": false
      },
      {
        "text": " ",
        "userDefined": false
      },
      {
        "text": "Big Data",
        "meta": "@CourseName",
        "alias": "courseName",
        "userDefined": true
      }
    ],
    "isTemplate": false,
    "count": 0,
    "lang": "th",
    "updated": 0
  },
  {
    "id": "fb4a2794-5c67-4ef2-ba9e-ff96ad804b1a",
    "data": [
      {
        "text": "สมัคร",
        "meta": "@Command",
        "alias": "command",
        "userDefined": false
      },
      {
        "text": " ",
        "userDefined": false
      },
      {
        "text": "Python for Expert",
        "meta": "@CourseName",
        "alias": "courseName",
        "userDefined": false
      }
    ],
    "isTemplate": false,
    "count": 0,
    "lang": "th",
    "updated": 0
  },
  {
    "id": "ba89928b-c498-4470-8615-0a90f9bedd85",
    "data": [
      {
        "text": "สมัคร",
        "meta": "@Command",
        "alias": "command",
        "userDefined": false
      },
      {
        "text": " ",
        "userDefined": false
      },
      {
        "text": "Java for beginner",
        "meta": "@CourseName",
        "alias": "courseName",
        "userDefined": false
      }
    ],
    "isTemplate": false,
    "count": 0,
    "lang": "th",
    "updated": 0
  }
]