[
  {
    "id": "340c8f50-7f62-4f8a-93ab-68d11063cfe1",
    "data": [
      {
        "text": "History ทำไรได้อะ",
        "userDefined": false
      }
    ],
    "isTemplate": false,
    "count": 0,
    "lang": "th",
    "updated": 0
  },
  {
    "id": "5a9b4ca2-70a2-41b0-80ba-8365dc3f91a0",
    "data": [
      {
        "text": "ประวัติ นี้ทำอะไรได้",
        "userDefined": false
      },
      {
        "text": "เห",
        "meta": "@sys.ignore",
        "userDefined": false
      },
      {
        "text": "รอ",
        "userDefined": false
      }
    ],
    "isTemplate": false,
    "count": 0,
    "lang": "th",
    "updated": 0
  },
  {
    "id": "809c780c-4c2a-4393-a72f-062d24f59e34",
    "data": [
      {
        "text": "History เเสดงอะไรอะ",
        "userDefined": false
      }
    ],
    "isTemplate": false,
    "count": 0,
    "lang": "th",
    "updated": 0
  },
  {
    "id": "e8f78f16-074b-42e5-bdd3-1f9a896135f3",
    "data": [
      {
        "text": "เเล้ว History มันใช้ยังไงอะ",
        "userDefined": false
      }
    ],
    "isTemplate": false,
    "count": 0,
    "lang": "th",
    "updated": 0
  },
  {
    "id": "865d4d7f-ef0f-4b64-b480-cbef9467c177",
    "data": [
      {
        "text": "History คือไรอะ",
        "userDefined": false
      }
    ],
    "isTemplate": false,
    "count": 0,
    "lang": "th",
    "updated": 0
  },
  {
    "id": "9fbb5ead-6e17-481c-9c8e-4019c20960de",
    "data": [
      {
        "text": "ประวัติทำอะไรได้",
        "userDefined": false
      }
    ],
    "isTemplate": false,
    "count": 0,
    "lang": "th",
    "updated": 0
  },
  {
    "id": "c1fbfa11-00d9-4a0d-b888-0aebe4e37389",
    "data": [
      {
        "text": "ใช้งานประวัติยังไง",
        "userDefined": false
      }
    ],
    "isTemplate": false,
    "count": 0,
    "lang": "th",
    "updated": 0
  },
  {
    "id": "c6d8f8d5-dd21-4cb9-afc0-30ef7e3dd83c",
    "data": [
      {
        "text": "ประวัติไรอะ",
        "userDefined": false
      }
    ],
    "isTemplate": false,
    "count": 0,
    "lang": "th",
    "updated": 0
  }
]