[
  {
    "id": "5437c5e6-0c05-402e-8199-382ce991642e",
    "data": [
      {
        "text": "รายการอบรมมีไว้ทำอะ",
        "userDefined": false
      }
    ],
    "isTemplate": false,
    "count": 0,
    "lang": "th",
    "updated": 0
  },
  {
    "id": "8284eed2-0a69-48f2-b128-1fa978fd284f",
    "data": [
      {
        "text": "อะไรคือรายการอบรม",
        "userDefined": false
      }
    ],
    "isTemplate": false,
    "count": 0,
    "lang": "th",
    "updated": 0
  },
  {
    "id": "a4bfe2f7-5f9c-4cd4-ae27-6bff5ee587b3",
    "data": [
      {
        "text": "อะไรคือ CourseList",
        "userDefined": false
      }
    ],
    "isTemplate": false,
    "count": 0,
    "lang": "th",
    "updated": 0
  },
  {
    "id": "8a09b66e-534f-48d3-b2e0-de1f2fcce94e",
    "data": [
      {
        "text": "Courselist คือ",
        "userDefined": false
      }
    ],
    "isTemplate": false,
    "count": 0,
    "lang": "th",
    "updated": 0
  },
  {
    "id": "7ff13134-7626-4543-a524-2a9f93bc38fb",
    "data": [
      {
        "text": "เเล้วรายการอบรมอะ",
        "userDefined": false
      }
    ],
    "isTemplate": false,
    "count": 0,
    "lang": "th",
    "updated": 0
  },
  {
    "id": "041e3a60-19de-4f30-b366-60b3b719b05a",
    "data": [
      {
        "text": "รายการอบรมมีไว้ทำไม",
        "userDefined": false
      }
    ],
    "isTemplate": false,
    "count": 0,
    "lang": "th",
    "updated": 0
  },
  {
    "id": "c1f21a87-4bae-4309-90f9-fb803df7254a",
    "data": [
      {
        "text": "รายการอบรมอะคืออะไร",
        "userDefined": false
      }
    ],
    "isTemplate": false,
    "count": 0,
    "lang": "th",
    "updated": 0
  },
  {
    "id": "b2b8900a-6634-4133-b8fa-fd67eb361432",
    "data": [
      {
        "text": "ใช้รายการอบรมยังไงอะ",
        "userDefined": false
      }
    ],
    "isTemplate": false,
    "count": 0,
    "lang": "th",
    "updated": 0
  },
  {
    "id": "6fc47fd0-2f14-4a17-aa86-32d8c5d12a0c",
    "data": [
      {
        "text": "รายการอบรมคือไรอะ",
        "userDefined": false
      }
    ],
    "isTemplate": false,
    "count": 0,
    "lang": "th",
    "updated": 0
  },
  {
    "id": "aac5c59a-206e-4d30-a837-27568ac08345",
    "data": [
      {
        "text": "CourseList ทำไรได้",
        "userDefined": false
      }
    ],
    "isTemplate": false,
    "count": 0,
    "lang": "th",
    "updated": 0
  },
  {
    "id": "caeb06f0-a986-4e79-a57e-03d08b614a08",
    "data": [
      {
        "text": "ใช้งาน Courselist ยังไง",
        "userDefined": false
      }
    ],
    "isTemplate": false,
    "count": 0,
    "lang": "th",
    "updated": 0
  },
  {
    "id": "dc98ba67-d5f4-4206-8be6-b3004fa2809a",
    "data": [
      {
        "text": "Courselist คืออะไร",
        "userDefined": false
      }
    ],
    "isTemplate": false,
    "count": 0,
    "lang": "th",
    "updated": 0
  }
]