[
  {
    "id": "623cd0e9-b914-4268-bad1-b3a0894c1ca0",
    "data": [
      {
        "text": "คู่มือการใช้งาน",
        "userDefined": false
      }
    ],
    "isTemplate": false,
    "count": 0,
    "lang": "th",
    "updated": 0
  },
  {
    "id": "b8193fee-08fe-470d-866d-cc84984e32e5",
    "data": [
      {
        "text": "ต้องการคำเเนะนำการใช้งาน",
        "userDefined": false
      }
    ],
    "isTemplate": false,
    "count": 0,
    "lang": "th",
    "updated": 0
  },
  {
    "id": "8f8081c8-bebe-4707-8bf4-5d1da1d4054f",
    "data": [
      {
        "text": "ต้องการความช่วยเหลือ",
        "userDefined": false
      }
    ],
    "isTemplate": false,
    "count": 0,
    "lang": "th",
    "updated": 0
  },
  {
    "id": "b5a806cb-6890-4b90-849d-2f13acaa25cd",
    "data": [
      {
        "text": "ช่วยเหลือ",
        "userDefined": false
      }
    ],
    "isTemplate": false,
    "count": 1,
    "lang": "th",
    "updated": 0
  },
  {
    "id": "9e686bfc-4345-479e-a710-38cbd11b3cdc",
    "data": [
      {
        "text": "ทำไง",
        "userDefined": false
      }
    ],
    "isTemplate": false,
    "count": 0,
    "lang": "th",
    "updated": 0
  },
  {
    "id": "a795a872-afc1-4827-85a6-f09c16e0d79e",
    "data": [
      {
        "text": "ใช้ไง",
        "userDefined": false
      }
    ],
    "isTemplate": false,
    "count": 0,
    "lang": "th",
    "updated": 0
  },
  {
    "id": "77475434-d3fd-4fc0-8a69-25aaf1c0ef8c",
    "data": [
      {
        "text": "วิธีการใช้",
        "userDefined": false
      }
    ],
    "isTemplate": false,
    "count": 0,
    "lang": "th",
    "updated": 0
  },
  {
    "id": "981d3ca5-b3ab-48f5-8600-4e4167605a09",
    "data": [
      {
        "text": "ใช้งานอย่างไร",
        "userDefined": false
      }
    ],
    "isTemplate": false,
    "count": 0,
    "lang": "th",
    "updated": 0
  },
  {
    "id": "e8e17182-83bc-4ac9-94f8-26d1a0786c41",
    "data": [
      {
        "text": "ทำงานอย่างไร",
        "userDefined": false
      }
    ],
    "isTemplate": false,
    "count": 0,
    "lang": "th",
    "updated": 0
  },
  {
    "id": "34e829a2-1e4a-46a7-8a91-bcd7b3f8e572",
    "data": [
      {
        "text": "ทำงานยังไง",
        "userDefined": false
      }
    ],
    "isTemplate": false,
    "count": 0,
    "lang": "th",
    "updated": 0
  },
  {
    "id": "e66be877-c60f-4c7a-9ee8-cfaed092e317",
    "data": [
      {
        "text": "ทำอะไรได้",
        "userDefined": false
      }
    ],
    "isTemplate": false,
    "count": 0,
    "lang": "th",
    "updated": 0
  },
  {
    "id": "ac4642fa-1900-448f-aba3-d4f26697ba86",
    "data": [
      {
        "text": "ทำไรได้บ้าง",
        "userDefined": false
      }
    ],
    "isTemplate": false,
    "count": 0,
    "lang": "th",
    "updated": 0
  },
  {
    "id": "4bb77848-8c3b-4de8-bd93-047b1b4d56a0",
    "data": [
      {
        "text": "ใช้อย่างไร",
        "userDefined": false
      }
    ],
    "isTemplate": false,
    "count": 0,
    "lang": "th",
    "updated": 0
  },
  {
    "id": "598df6cc-ddd2-4e8a-baf9-041a0e76d62b",
    "data": [
      {
        "text": "ใช้ยังไงอะ",
        "userDefined": false
      }
    ],
    "isTemplate": false,
    "count": 0,
    "lang": "th",
    "updated": 0
  },
  {
    "id": "5edcc4fe-cfe7-4192-b658-744b0ed8a6b8",
    "data": [
      {
        "text": "วิธีการใช้งาน",
        "userDefined": false
      }
    ],
    "isTemplate": false,
    "count": 1,
    "lang": "th",
    "updated": 0
  }
]