[
  {
    "id": "f9fbc474-309b-4963-a947-8a1a1cd535be",
    "data": [
      {
        "text": "อะไรคือ ชำระเงิน",
        "userDefined": false
      }
    ],
    "isTemplate": false,
    "count": 0,
    "lang": "th",
    "updated": 0
  },
  {
    "id": "4d48f788-bfb4-447f-9b9b-f4eccf7d0cbf",
    "data": [
      {
        "text": "ชำระเงินไว้ทำไรอะ",
        "userDefined": false
      }
    ],
    "isTemplate": false,
    "count": 0,
    "lang": "th",
    "updated": 0
  },
  {
    "id": "e47459ee-251a-4ce8-b833-36dde5c61134",
    "data": [
      {
        "text": "ชำระเงินคือไรอะ",
        "userDefined": false
      }
    ],
    "isTemplate": false,
    "count": 0,
    "lang": "th",
    "updated": 0
  },
  {
    "id": "671415b8-747b-4fef-bebc-d58730394e9a",
    "data": [
      {
        "text": "รายการที่ต้องจ่ายไว้ใช้ทำอะไรอะ",
        "userDefined": false
      }
    ],
    "isTemplate": false,
    "count": 0,
    "lang": "th",
    "updated": 0
  },
  {
    "id": "942ffe57-45f8-43b7-97ee-4fc0eb89bfe1",
    "data": [
      {
        "text": "รายการที่ต้องจ่ายนี้เเสดงอะไร",
        "userDefined": false
      },
      {
        "text": "เห",
        "meta": "@sys.ignore",
        "userDefined": false
      },
      {
        "text": "รอ",
        "userDefined": false
      }
    ],
    "isTemplate": false,
    "count": 0,
    "lang": "th",
    "updated": 0
  },
  {
    "id": "c40433de-c0fa-4115-93d4-e3ac6def4a06",
    "data": [
      {
        "text": "ส่วนของ Payment List ละไว้ใช้ทำอะไร",
        "userDefined": false
      }
    ],
    "isTemplate": false,
    "count": 0,
    "lang": "th",
    "updated": 0
  },
  {
    "id": "1c3e633c-8428-47db-8a3d-1ff75c6da317",
    "data": [
      {
        "text": "เเล้ว Payment LIst ละคืออะไร",
        "userDefined": false
      }
    ],
    "isTemplate": false,
    "count": 0,
    "lang": "th",
    "updated": 0
  },
  {
    "id": "8e57b4ec-2cc6-4894-a86c-2fe6d3c35c55",
    "data": [
      {
        "text": "เเล้ว Payment LIst ละ",
        "userDefined": false
      }
    ],
    "isTemplate": false,
    "count": 0,
    "lang": "th",
    "updated": 0
  },
  {
    "id": "808c9d12-a44d-4e1b-9e13-600f1fd8c6e0",
    "data": [
      {
        "text": "Payment List ไว้ทำไรอะ",
        "userDefined": false
      }
    ],
    "isTemplate": false,
    "count": 0,
    "lang": "th",
    "updated": 0
  },
  {
    "id": "b4e28da5-ee1c-405f-8c86-75d4c58ba97a",
    "data": [
      {
        "text": "รายการที่ต้องจ่ายคือไรอะ",
        "userDefined": false
      }
    ],
    "isTemplate": false,
    "count": 0,
    "lang": "th",
    "updated": 0
  },
  {
    "id": "609930bb-c47f-4fb5-b9c6-603f1a6e5f2f",
    "data": [
      {
        "text": "เเล้วเเสดงรายการที่ต้องจ่ายนี้คือไรอะ",
        "userDefined": false
      }
    ],
    "isTemplate": false,
    "count": 0,
    "lang": "th",
    "updated": 0
  }
]