[
  {
    "id": "4ae3d348-112d-40a5-a5ab-f356e295298b",
    "data": [
      {
        "text": "เเสดงประวัติการลงทะเบียน",
        "userDefined": false
      }
    ],
    "isTemplate": false,
    "count": 1,
    "lang": "th",
    "updated": 0
  },
  {
    "id": "275f72b8-2d48-4449-8165-048fbc9a32f4",
    "data": [
      {
        "text": "แสดงประวัติการสมัคร",
        "userDefined": false
      }
    ],
    "isTemplate": false,
    "count": 0,
    "lang": "th",
    "updated": 0
  },
  {
    "id": "a173af8d-449a-4b57-ab41-07246d64a505",
    "data": [
      {
        "text": "ประวัติการสมัคร",
        "userDefined": false
      }
    ],
    "isTemplate": false,
    "count": 0,
    "lang": "th",
    "updated": 0
  },
  {
    "id": "0ae68bc9-69a4-424f-aa76-d9351d563d00",
    "data": [
      {
        "text": "ประวัติการลงทะเบียน",
        "userDefined": false
      }
    ],
    "isTemplate": false,
    "count": 1,
    "lang": "th",
    "updated": 0
  },
  {
    "id": "bdcf8d32-7f2d-4776-8b82-873b0bb12144",
    "data": [
      {
        "text": "เเสดงประวัติการสมัคร",
        "userDefined": false
      }
    ],
    "isTemplate": false,
    "count": 0,
    "lang": "th",
    "updated": 0
  },
  {
    "id": "35bb53e2-1171-484d-ab16-70d95196a49e",
    "data": [
      {
        "text": "ประวัติย้อนหลังการสมัคร",
        "userDefined": false
      }
    ],
    "isTemplate": false,
    "count": 1,
    "lang": "th",
    "updated": 0
  },
  {
    "id": "b8317f3a-e07a-4776-948d-ab913723c496",
    "data": [
      {
        "text": "ประวัติย้อนหลัง",
        "userDefined": false
      }
    ],
    "isTemplate": false,
    "count": 0,
    "lang": "th",
    "updated": 0
  },
  {
    "id": "4cbdd986-d439-483e-9503-991f421e1e60",
    "data": [
      {
        "text": "แสดงประวัติการลงทะเบียน",
        "userDefined": false
      }
    ],
    "isTemplate": false,
    "count": 1,
    "lang": "th",
    "updated": 0
  },
  {
    "id": "791ea2fc-9aaa-4e5a-87ef-39c6bfb7c215",
    "data": [
      {
        "text": "ประวัติ",
        "userDefined": false
      }
    ],
    "isTemplate": false,
    "count": 1,
    "lang": "th",
    "updated": 0
  }
]