[
  {
    "id": "1b7c76e7-f36d-4ecc-a152-e267836f53e9",
    "data": [
      {
        "text": "ช่วยแสดงรายการอบรมหน่อย",
        "userDefined": false
      }
    ],
    "isTemplate": false,
    "count": 0,
    "lang": "th",
    "updated": 0
  },
  {
    "id": "1393fc22-3720-4a0a-a6ba-05b41d4894c3",
    "data": [
      {
        "text": "แสดงรายการอบรม",
        "meta": "@sys.ignore",
        "userDefined": true
      }
    ],
    "isTemplate": false,
    "count": 0,
    "lang": "th",
    "updated": 0
  },
  {
    "id": "54dabc0e-a84e-4e25-8a27-00d3bf5a0505",
    "data": [
      {
        "text": "ช่วยเเสดงรายการอบรมที่",
        "userDefined": false
      }
    ],
    "isTemplate": false,
    "count": 0,
    "lang": "th",
    "updated": 0
  },
  {
    "id": "8c708869-91f7-49a7-868d-055d288c5d0d",
    "data": [
      {
        "text": "รายอบรมที่มี",
        "userDefined": false
      }
    ],
    "isTemplate": false,
    "count": 0,
    "lang": "th",
    "updated": 0
  },
  {
    "id": "f7e360f1-25b0-4ce7-9fa4-52e81d7d7f02",
    "data": [
      {
        "text": "เเสดงรายดารอบรม",
        "userDefined": false
      }
    ],
    "isTemplate": false,
    "count": 0,
    "lang": "th",
    "updated": 0
  },
  {
    "id": "3d83865a-225d-4ecd-8899-f384687ad2c6",
    "data": [
      {
        "text": "เเสดงรายการอบรม",
        "userDefined": false
      }
    ],
    "isTemplate": false,
    "count": 0,
    "lang": "th",
    "updated": 0
  },
  {
    "id": "8da6c78b-6342-4d25-b049-e8667799536c",
    "data": [
      {
        "text": "งานอบรมช่วงนี้",
        "userDefined": false
      }
    ],
    "isTemplate": false,
    "count": 0,
    "lang": "th",
    "updated": 0
  },
  {
    "id": "f9abe1d3-1683-4a29-bd06-bca7ecae7e96",
    "data": [
      {
        "text": "ขอดูงานอบรมหน่อย",
        "userDefined": false
      }
    ],
    "isTemplate": false,
    "count": 0,
    "lang": "th",
    "updated": 0
  },
  {
    "id": "814e9d60-9cba-41b4-af2b-3dfef366e671",
    "data": [
      {
        "text": "มีรายการอบรมอะไรบ้าง",
        "userDefined": false
      }
    ],
    "isTemplate": false,
    "count": 0,
    "lang": "th",
    "updated": 0
  },
  {
    "id": "29c30c5c-28e7-4f70-a7a8-34b9e8c6b537",
    "data": [
      {
        "text": "รายการอบรมใหม่ๆ",
        "userDefined": false
      }
    ],
    "isTemplate": false,
    "count": 1,
    "lang": "th",
    "updated": 0
  },
  {
    "id": "c75cfc6a-dd82-4a03-b951-30fcced6abe3",
    "data": [
      {
        "text": "รายการอบรม",
        "meta": "@sys.ignore",
        "userDefined": true
      }
    ],
    "isTemplate": false,
    "count": 0,
    "lang": "th",
    "updated": 0
  }
]