[
  {
    "id": "cec544f2-ba4b-4f2a-9844-48b6d73fd15e",
    "data": [
      {
        "text": "รายการค้างจ่าย",
        "userDefined": false
      }
    ],
    "isTemplate": false,
    "count": 0,
    "lang": "th",
    "updated": 0
  },
  {
    "id": "e0cc3415-e08a-40dd-8c77-8faae2d16244",
    "data": [
      {
        "text": "เเสดงรายการค้างจ่าย",
        "userDefined": false
      }
    ],
    "isTemplate": false,
    "count": 0,
    "lang": "th",
    "updated": 0
  },
  {
    "id": "88f9ccba-346a-49b3-bb1a-856b6b1dbb70",
    "data": [
      {
        "text": "รายการที่ยังไม่จ่ายเงิน",
        "userDefined": false
      }
    ],
    "isTemplate": false,
    "count": 0,
    "lang": "th",
    "updated": 0
  },
  {
    "id": "869a4ecb-c658-4de0-8558-97fcb2adfe61",
    "data": [
      {
        "text": "รายการที่ต้องจ่ายเงิน",
        "userDefined": false
      }
    ],
    "isTemplate": false,
    "count": 0,
    "lang": "th",
    "updated": 0
  },
  {
    "id": "e9233033-5f8b-492e-b706-23f975f0d7b8",
    "data": [
      {
        "text": "รายการที่ต้องจ่ายเเล้ว",
        "userDefined": false
      }
    ],
    "isTemplate": false,
    "count": 0,
    "lang": "th",
    "updated": 0
  },
  {
    "id": "4e7fd10b-70bc-4e3e-a9ca-e375ddfeaa53",
    "data": [
      {
        "text": "แสดงสิ่งที่คเางชำระ",
        "userDefined": false
      }
    ],
    "isTemplate": false,
    "count": 0,
    "lang": "th",
    "updated": 0
  },
  {
    "id": "baf264fe-b232-41ab-8d29-c1545d50526e",
    "data": [
      {
        "text": "แสดงรายการที่ต้องชำระ",
        "userDefined": false
      }
    ],
    "isTemplate": false,
    "count": 0,
    "lang": "th",
    "updated": 0
  },
  {
    "id": "dcf58bd0-3f04-4af8-b31e-3babe4161ef5",
    "data": [
      {
        "text": "เเสดงรายการที่ต้องชำระ",
        "userDefined": false
      }
    ],
    "isTemplate": false,
    "count": 0,
    "lang": "th",
    "updated": 0
  },
  {
    "id": "1e730359-7273-429e-ac38-02ffb4d74864",
    "data": [
      {
        "text": "รายการที่ยังไม่ได้ชำระ",
        "userDefined": false
      }
    ],
    "isTemplate": false,
    "count": 0,
    "lang": "th",
    "updated": 0
  },
  {
    "id": "4959c5f5-50e9-4b07-9fe1-4fa3b231ee15",
    "data": [
      {
        "text": "รายการที่ต้องชำระ",
        "userDefined": false
      }
    ],
    "isTemplate": false,
    "count": 0,
    "lang": "th",
    "updated": 0
  },
  {
    "id": "2922535f-a58a-4fb9-ab62-374a293a9164",
    "data": [
      {
        "text": "รายการที่ยังไม่จ่าย",
        "userDefined": false
      }
    ],
    "isTemplate": false,
    "count": 0,
    "lang": "th",
    "updated": 0
  },
  {
    "id": "a0fdf267-3414-491b-a911-f53350073ccc",
    "data": [
      {
        "text": "รายการค้างชำระ",
        "userDefined": false
      }
    ],
    "isTemplate": false,
    "count": 0,
    "lang": "th",
    "updated": 0
  },
  {
    "id": "244928f2-8179-4f12-bc0f-789dfd0f984c",
    "data": [
      {
        "text": "แสองรายการที่ต้องจ่าย",
        "userDefined": false
      }
    ],
    "isTemplate": false,
    "count": 0,
    "lang": "th",
    "updated": 0
  },
  {
    "id": "55423e14-da61-4ffa-89de-680d91c5e7cf",
    "data": [
      {
        "text": "เเสดงรายการที่ต้องจ่าย",
        "userDefined": false
      }
    ],
    "isTemplate": false,
    "count": 0,
    "lang": "th",
    "updated": 0
  },
  {
    "id": "1c5837b8-38ed-4467-aea0-95e5865288ac",
    "data": [
      {
        "text": "ชำระเงิน",
        "userDefined": false
      }
    ],
    "isTemplate": false,
    "count": 0,
    "lang": "th",
    "updated": 0
  },
  {
    "id": "bc80d1e2-dbdb-4219-a024-e4098d58e8f6",
    "data": [
      {
        "text": "รายการที่ต้องชำระเงิน",
        "userDefined": false
      }
    ],
    "isTemplate": false,
    "count": 0,
    "lang": "th",
    "updated": 0
  },
  {
    "id": "df1a182a-b7ac-482a-8f58-e4a37e7b4e87",
    "data": [
      {
        "text": "รายการที่ต้องจ่าย",
        "meta": "@sys.ignore",
        "userDefined": true
      }
    ],
    "isTemplate": false,
    "count": 0,
    "lang": "th",
    "updated": 0
  }
]