[
  {
    "id": "fb2627f6-4d75-4aa3-8260-7e09b8cba99d",
    "data": [
      {
        "text": "ต้องการ",
        "userDefined": false
      }
    ],
    "isTemplate": false,
    "count": 0,
    "lang": "th",
    "updated": 0
  },
  {
    "id": "e0158aa3-1ce6-43b3-bfb8-c01e6a98048b",
    "data": [
      {
        "text": "ได้สิ",
        "userDefined": false
      }
    ],
    "isTemplate": false,
    "count": 0,
    "lang": "th",
    "updated": 0
  },
  {
    "id": "f72fe1f3-50db-4088-a57c-b5db4d7b2574",
    "data": [
      {
        "text": "ใช่เลย",
        "userDefined": false
      }
    ],
    "isTemplate": false,
    "count": 0,
    "lang": "th",
    "updated": 0
  },
  {
    "id": "e766ea1e-7ccb-4358-8b83-2ac37056b7b9",
    "data": [
      {
        "text": "ฉันยอมรับ",
        "userDefined": false
      }
    ],
    "isTemplate": false,
    "count": 0,
    "lang": "th",
    "updated": 0
  },
  {
    "id": "8bf7e2ff-d6a1-4be7-bbf6-61da8c69b8e1",
    "data": [
      {
        "text": "ยืนยัน",
        "userDefined": false
      }
    ],
    "isTemplate": false,
    "count": 0,
    "lang": "th",
    "updated": 0
  },
  {
    "id": "cac11e69-8062-42d3-9da1-d4738614aebf",
    "data": [
      {
        "text": "ได้เลย",
        "userDefined": false
      }
    ],
    "isTemplate": false,
    "count": 0,
    "lang": "th",
    "updated": 0
  },
  {
    "id": "bc45ec81-237b-4444-bf49-17c351f072db",
    "data": [
      {
        "text": "โอเคนะ",
        "userDefined": false
      }
    ],
    "isTemplate": false,
    "count": 0,
    "lang": "th",
    "updated": 0
  },
  {
    "id": "85cb7566-84f7-41db-9b78-7fa1a292ff01",
    "data": [
      {
        "text": "ใช่",
        "userDefined": false
      }
    ],
    "isTemplate": false,
    "count": 0,
    "lang": "th",
    "updated": 0
  },
  {
    "id": "54020ab9-6c05-4e03-abfb-d0b23e1017e0",
    "data": [
      {
        "text": "ดีมาก",
        "userDefined": false
      }
    ],
    "isTemplate": false,
    "count": 0,
    "lang": "th",
    "updated": 0
  },
  {
    "id": "0cbb66c5-e663-46c2-88ce-a1988ddfb92f",
    "data": [
      {
        "text": "ถูกต้องแล้ว",
        "userDefined": false
      }
    ],
    "isTemplate": false,
    "count": 0,
    "lang": "th",
    "updated": 0
  },
  {
    "id": "2b0a0f8a-824d-4764-bed4-e9317ee865bf",
    "data": [
      {
        "text": "ทำเลย",
        "userDefined": true
      }
    ],
    "isTemplate": false,
    "count": 0,
    "lang": "th",
    "updated": 0
  }
]