[
  {
    "id": "0d18267a-3234-4c32-8790-a4d13427fd78",
    "data": [
      {
        "text": "สร้างการประชุม",
        "userDefined": false
      }
    ],
    "isTemplate": false,
    "count": 0,
    "lang": "th",
    "updated": 0
  },
  {
    "id": "b6d7fa7d-1564-4725-a1c2-1f99e0f729b3",
    "data": [
      {
        "text": "สร้างคอส",
        "userDefined": false
      }
    ],
    "isTemplate": false,
    "count": 0,
    "lang": "th",
    "updated": 0
  },
  {
    "id": "dcdbd7e5-b447-4b8f-9597-ae07188608fb",
    "data": [
      {
        "text": "สร้างคอร์ส",
        "userDefined": false
      }
    ],
    "isTemplate": false,
    "count": 0,
    "lang": "th",
    "updated": 0
  }
]