[
  {
    "id": "d5406cd4-155d-4929-aab2-758c65142f6c",
    "data": [
      {
        "text": "ส่งแบบสอบถาม ",
        "userDefined": false
      },
      {
        "text": "Python for Expert",
        "meta": "@CourseName",
        "alias": "courseName",
        "userDefined": false
      }
    ],
    "isTemplate": false,
    "count": 0,
    "lang": "th",
    "updated": 0
  },
  {
    "id": "f33ab776-aff3-41c0-9558-46b6738c286b",
    "data": [
      {
        "text": "ส่งแบบสอบถาม ",
        "userDefined": false
      },
      {
        "text": "Java for Expert",
        "meta": "@CourseName",
        "alias": "courseName",
        "userDefined": false
      }
    ],
    "isTemplate": false,
    "count": 0,
    "lang": "th",
    "updated": 0
  },
  {
    "id": "c62753de-16c3-48a0-9fd5-5ab78ccbebc6",
    "data": [
      {
        "text": "ส่งแบบสอบถาม ",
        "userDefined": false
      },
      {
        "text": "Python for Beginner",
        "meta": "@CourseName",
        "alias": "courseName",
        "userDefined": false
      }
    ],
    "isTemplate": false,
    "count": 0,
    "lang": "th",
    "updated": 0
  },
  {
    "id": "92d1edd3-09fd-497a-9f40-9fbf49329919",
    "data": [
      {
        "text": "ส่งแบบสอบถาม ",
        "userDefined": false
      },
      {
        "text": "Java for Beginner",
        "meta": "@CourseName",
        "alias": "courseName",
        "userDefined": false
      }
    ],
    "isTemplate": false,
    "count": 0,
    "lang": "th",
    "updated": 0
  }
]