[
  {
    "id": "13cb5620-e75f-46fa-96eb-5866c46e4432",
    "data": [
      {
        "text": "https://firebase.google.com/",
        "meta": "@sys.url",
        "alias": "url",
        "userDefined": false
      }
    ],
    "isTemplate": false,
    "count": 1,
    "lang": "th",
    "updated": 0
  },
  {
    "id": "36f4b580-aead-4eb2-bd96-5537b7025348",
    "data": [
      {
        "text": "https://www.instagram.com/?hl\u003dth",
        "meta": "@sys.url",
        "alias": "url",
        "userDefined": false
      }
    ],
    "isTemplate": false,
    "count": 0,
    "lang": "th",
    "updated": 0
  },
  {
    "id": "b215b97d-dba7-4710-b8c2-110ae229103b",
    "data": [
      {
        "text": "https://rankedboost.com/league-of-legends-wild-rift/build/ziggs/",
        "meta": "@sys.url",
        "alias": "url",
        "userDefined": false
      }
    ],
    "isTemplate": false,
    "count": 0,
    "lang": "th",
    "updated": 0
  },
  {
    "id": "3ff0643a-cafc-41d6-9db4-34f01429b9e1",
    "data": [
      {
        "text": "https://www.youtube.com/watch?v\u003dgOsM-DYAEhY\u0026ab_channel\u003dImagineDragonsVEVO",
        "meta": "@sys.url",
        "alias": "url",
        "userDefined": false
      }
    ],
    "isTemplate": false,
    "count": 0,
    "lang": "th",
    "updated": 0
  },
  {
    "id": "f7e669fc-dbc4-4ec0-9066-247803ce9281",
    "data": [
      {
        "text": "https://docs.google.com/forms/u/1/d/e/1FAIpQLSfvQ5jg65fWbXB7eAi0Vv0UFLzev6ehqjgx9aq9wrQMKlw_hA/closedform",
        "meta": "@sys.url",
        "alias": "url",
        "userDefined": false
      }
    ],
    "isTemplate": false,
    "count": 0,
    "lang": "th",
    "updated": 0
  }
]