[
  {
    "id": "075a4121-7527-462c-beb3-e9aedfeb032b",
    "data": [
      {
        "text": "มาร่วมงาน",
        "userDefined": false
      }
    ],
    "isTemplate": false,
    "count": 0,
    "lang": "th",
    "updated": 0
  },
  {
    "id": "bcde41b1-f760-4a6e-8432-194ecb4a1234",
    "data": [
      {
        "text": "ร่วมงาน",
        "userDefined": false
      }
    ],
    "isTemplate": false,
    "count": 0,
    "lang": "th",
    "updated": 0
  },
  {
    "id": "7b1d22d7-c7ab-432e-8205-a0869c9db216",
    "data": [
      {
        "text": "เข้าร่วมงานเเล้ว",
        "userDefined": false
      }
    ],
    "isTemplate": false,
    "count": 0,
    "lang": "th",
    "updated": 0
  },
  {
    "id": "2e0af83c-6ad8-467e-b9ab-c7c8f9eaf436",
    "data": [
      {
        "text": "ได้เข้าร่วม",
        "userDefined": false
      }
    ],
    "isTemplate": false,
    "count": 0,
    "lang": "th",
    "updated": 0
  },
  {
    "id": "aa03e1a2-9532-4855-93ea-b07de9435968",
    "data": [
      {
        "text": "มาเข้าร่วม",
        "userDefined": false
      }
    ],
    "isTemplate": false,
    "count": 0,
    "lang": "th",
    "updated": 0
  },
  {
    "id": "a39a5ee0-e81d-45f8-883c-03eacb546279",
    "data": [
      {
        "text": "เข้าร่วม",
        "userDefined": false
      }
    ],
    "isTemplate": false,
    "count": 0,
    "lang": "th",
    "updated": 0
  }
]