[
  {
    "id": "b1d58b8f-6e6f-45a4-8bee-e446577ce5fa",
    "data": [
      {
        "text": "ได้สิ",
        "userDefined": true
      }
    ],
    "isTemplate": false,
    "count": 0,
    "lang": "th",
    "updated": 0
  },
  {
    "id": "6ccebab8-b7d7-4f6c-94d4-e7fc56b5cc74",
    "data": [
      {
        "text": "ใช่เลย",
        "userDefined": true
      }
    ],
    "isTemplate": false,
    "count": 0,
    "lang": "th",
    "updated": 0
  },
  {
    "id": "8cba1a44-d1e6-4b20-88cf-37b0c4848b70",
    "data": [
      {
        "text": "ฉันยอมรับ",
        "userDefined": true
      }
    ],
    "isTemplate": false,
    "count": 0,
    "lang": "th",
    "updated": 0
  },
  {
    "id": "edbaa1d2-5bed-4414-b498-6169bb9c6fdd",
    "data": [
      {
        "text": "ยืนยัน",
        "userDefined": true
      }
    ],
    "isTemplate": false,
    "count": 0,
    "lang": "th",
    "updated": 0
  },
  {
    "id": "93e3cfcd-780e-4118-9132-add5331a94cb",
    "data": [
      {
        "text": "ได้เลย",
        "userDefined": true
      }
    ],
    "isTemplate": false,
    "count": 0,
    "lang": "th",
    "updated": 0
  },
  {
    "id": "42686f8a-7dc3-4161-a688-4eeee3815b7f",
    "data": [
      {
        "text": "โอเคนะ",
        "userDefined": true
      }
    ],
    "isTemplate": false,
    "count": 0,
    "lang": "th",
    "updated": 0
  },
  {
    "id": "9ee784e8-20e1-4824-bedb-ddf14f6df71d",
    "data": [
      {
        "text": "ใช่",
        "userDefined": true
      }
    ],
    "isTemplate": false,
    "count": 0,
    "lang": "th",
    "updated": 0
  },
  {
    "id": "217fe830-9f34-40af-b858-ad302e84fa94",
    "data": [
      {
        "text": "ดีมาก",
        "userDefined": true
      }
    ],
    "isTemplate": false,
    "count": 0,
    "lang": "th",
    "updated": 0
  },
  {
    "id": "0c541af9-c665-44e4-a384-8b0221fa87c0",
    "data": [
      {
        "text": "ถูกต้องแล้ว",
        "userDefined": true
      }
    ],
    "isTemplate": false,
    "count": 0,
    "lang": "th",
    "updated": 0
  },
  {
    "id": "f6e593f9-89ba-4b5b-8086-4e742c46efa4",
    "data": [
      {
        "text": "ทำเลย",
        "userDefined": true
      }
    ],
    "isTemplate": false,
    "count": 0,
    "lang": "th",
    "updated": 0
  }
]