[
  {
    "id": "59a2e7fc-0c96-4fed-b9f6-f2242e50ac85",
    "data": [
      {
        "text": "เช็คตรวจสอบการเข้าร่วม",
        "userDefined": false
      }
    ],
    "isTemplate": false,
    "count": 0,
    "lang": "th",
    "updated": 0
  },
  {
    "id": "d7f33b28-5353-4209-afc5-a3785729707e",
    "data": [
      {
        "text": "เช็ค",
        "userDefined": false
      }
    ],
    "isTemplate": false,
    "count": 0,
    "lang": "th",
    "updated": 0
  },
  {
    "id": "5d511831-0228-4959-9e1a-84b7e15e79d8",
    "data": [
      {
        "text": "เช็คชื่อ",
        "userDefined": false
      }
    ],
    "isTemplate": false,
    "count": 0,
    "lang": "th",
    "updated": 0
  },
  {
    "id": "be25150d-ae66-4f96-bc28-7677a6ebf7d3",
    "data": [
      {
        "text": "เช็คอิน",
        "userDefined": false
      }
    ],
    "isTemplate": false,
    "count": 0,
    "lang": "th",
    "updated": 0
  },
  {
    "id": "2e69bef3-d45b-4b35-b923-cc4be6f17f65",
    "data": [
      {
        "text": "เช็คเข้า",
        "userDefined": false
      }
    ],
    "isTemplate": false,
    "count": 0,
    "lang": "th",
    "updated": 0
  }
]