[
  {
    "id": "510486cd-be70-4205-878d-8c5ddd862482",
    "data": [
      {
        "text": "Python for expert",
        "meta": "@Topic",
        "alias": "topic",
        "userDefined": false
      }
    ],
    "isTemplate": false,
    "count": 1,
    "lang": "th",
    "updated": 0
  },
  {
    "id": "8b101190-7868-4089-8ff8-9708318e8d96",
    "data": [
      {
        "text": "Python for beginner",
        "meta": "@Topic",
        "alias": "topic",
        "userDefined": false
      }
    ],
    "isTemplate": false,
    "count": 0,
    "lang": "th",
    "updated": 0
  }
]