[
  {
    "id": "cb735d74-5590-4b36-9c35-3f0d98346dfd",
    "data": [
      {
        "text": "เช็คเข้า",
        "userDefined": false
      }
    ],
    "isTemplate": false,
    "count": 0,
    "lang": "en",
    "updated": 0
  },
  {
    "id": "de109c7a-1438-4260-98c2-fa10306c8a7d",
    "data": [
      {
        "text": "เช็คการเข้าร่วม",
        "userDefined": false
      }
    ],
    "isTemplate": false,
    "count": 0,
    "lang": "en",
    "updated": 0
  },
  {
    "id": "f6fe99e9-54da-49f2-86dd-f53797e4bda5",
    "data": [
      {
        "text": "เช็คอิน",
        "userDefined": false
      }
    ],
    "isTemplate": false,
    "count": 0,
    "lang": "en",
    "updated": 0
  },
  {
    "id": "75af6775-761c-42ca-afd0-e57c27a51a05",
    "data": [
      {
        "text": "เช็คชื่อ",
        "userDefined": false
      }
    ],
    "isTemplate": false,
    "count": 0,
    "lang": "en",
    "updated": 0
  },
  {
    "id": "cd32e29e-b5a5-4ab4-b94e-ce8579cf9c5a",
    "data": [
      {
        "text": "เช็ค",
        "userDefined": false
      }
    ],
    "isTemplate": false,
    "count": 0,
    "lang": "en",
    "updated": 0
  }
]