[
  {
    "id": "501d41df-952a-4dfc-98c3-ec9a9ed2a1bf",
    "data": [
      {
        "text": "อบรม 2",
        "meta": "@sys.any",
        "alias": "Topic",
        "userDefined": true
      }
    ],
    "isTemplate": false,
    "count": 0,
    "lang": "th",
    "updated": 0
  },
  {
    "id": "76570be2-c9fd-472e-a086-59fbb23e0ade",
    "data": [
      {
        "text": "อบรม 1",
        "meta": "@sys.any",
        "alias": "Topic",
        "userDefined": true
      }
    ],
    "isTemplate": false,
    "count": 0,
    "lang": "th",
    "updated": 0
  }
]