[
  {
    "id": "b99a353f-bb16-4f8f-8fc5-d2a02bb76c34",
    "data": [
      {
        "text": "ฉันไม่เห็นด้วย",
        "userDefined": true
      }
    ],
    "isTemplate": false,
    "count": 0,
    "lang": "th",
    "updated": 0
  },
  {
    "id": "59f207e7-e0cc-4b44-b7ab-be0be759358a",
    "data": [
      {
        "text": "ฉันไม่อยากทำ",
        "userDefined": true
      }
    ],
    "isTemplate": false,
    "count": 0,
    "lang": "th",
    "updated": 0
  },
  {
    "id": "2d008533-b367-4c9c-86cf-557e12d30321",
    "data": [
      {
        "text": "ไม่เอา",
        "userDefined": true
      }
    ],
    "isTemplate": false,
    "count": 0,
    "lang": "th",
    "updated": 0
  },
  {
    "id": "7ad934dd-1cd9-4180-ba76-9ce5d16d979d",
    "data": [
      {
        "text": "ไม่",
        "userDefined": true
      }
    ],
    "isTemplate": false,
    "count": 0,
    "lang": "th",
    "updated": 0
  },
  {
    "id": "ad7ef115-2402-4fcc-93b7-691fe16c54e8",
    "data": [
      {
        "text": "ไม่สนใจ",
        "userDefined": true
      }
    ],
    "isTemplate": false,
    "count": 0,
    "lang": "th",
    "updated": 0
  },
  {
    "id": "99745249-8a27-4f38-94e3-feb4d2e308ac",
    "data": [
      {
        "text": "ไม่เอานะ",
        "userDefined": true
      }
    ],
    "isTemplate": false,
    "count": 1,
    "lang": "th",
    "updated": 0
  },
  {
    "id": "085cfebc-2e45-4f38-a069-1cf537466339",
    "data": [
      {
        "text": "ไม่ล่ะ ขอบคุณ",
        "userDefined": true
      }
    ],
    "isTemplate": false,
    "count": 0,
    "lang": "th",
    "updated": 0
  },
  {
    "id": "0bca47b9-e27e-4a8d-bf9f-bad051dd56fc",
    "data": [
      {
        "text": "ไม่ทำนะ",
        "userDefined": true
      }
    ],
    "isTemplate": false,
    "count": 0,
    "lang": "th",
    "updated": 0
  }
]