[
  {
    "id": "36fa106e-75bf-4413-bcae-70ca32eaa073",
    "data": [
      {
        "text": "อบรมที่2",
        "meta": "@sys.any",
        "alias": "Topic",
        "userDefined": true
      }
    ],
    "isTemplate": false,
    "count": 0,
    "lang": "th",
    "updated": 0
  },
  {
    "id": "787d54c5-63a2-4a06-b395-76d8f5484ff7",
    "data": [
      {
        "text": "อบรมที่1",
        "meta": "@sys.any",
        "alias": "Topic",
        "userDefined": true
      }
    ],
    "isTemplate": false,
    "count": 0,
    "lang": "th",
    "updated": 0
  }
]