[
  {
    "id": "c7534c9d-b1ca-4a1e-b235-2feeca950c67",
    "data": [
      {
        "text": "1/05/2563",
        "meta": "@sys.date-time",
        "alias": "date-time",
        "userDefined": false
      }
    ],
    "isTemplate": false,
    "count": 0,
    "lang": "th",
    "updated": 0
  },
  {
    "id": "d47f5e7a-7111-4bf5-91e3-e669058af39b",
    "data": [
      {
        "text": "1/5/2563",
        "meta": "@sys.date-time",
        "alias": "date-time",
        "userDefined": false
      }
    ],
    "isTemplate": false,
    "count": 0,
    "lang": "th",
    "updated": 0
  },
  {
    "id": "c5d0048a-5d5b-46ef-8eed-748972260100",
    "data": [
      {
        "text": "1 ก.พ. 2563",
        "meta": "@sys.date-time",
        "alias": "date-time",
        "userDefined": false
      }
    ],
    "isTemplate": false,
    "count": 0,
    "lang": "th",
    "updated": 0
  },
  {
    "id": "0dbb6246-a2d9-4470-99a5-e4687d56400e",
    "data": [
      {
        "text": "01 พ.ค 2563",
        "meta": "@sys.date-time",
        "alias": "date-time",
        "userDefined": false
      }
    ],
    "isTemplate": false,
    "count": 0,
    "lang": "th",
    "updated": 0
  },
  {
    "id": "b5e60ade-ab37-4855-8a05-02c20897828e",
    "data": [
      {
        "text": "09/12/63",
        "meta": "@sys.date-time",
        "alias": "date-time",
        "userDefined": false
      }
    ],
    "isTemplate": false,
    "count": 0,
    "lang": "th",
    "updated": 0
  },
  {
    "id": "51974472-0f4c-4539-b5e9-3790223945c7",
    "data": [
      {
        "text": "29/04/2563",
        "meta": "@sys.date-time",
        "alias": "date-time",
        "userDefined": false
      }
    ],
    "isTemplate": false,
    "count": 0,
    "lang": "th",
    "updated": 0
  },
  {
    "id": "3688c27d-39c2-4f0b-9488-b3d3fa83c444",
    "data": [
      {
        "text": "11/10/63",
        "meta": "@sys.date-time",
        "alias": "date-time",
        "userDefined": false
      }
    ],
    "isTemplate": false,
    "count": 0,
    "lang": "th",
    "updated": 0
  },
  {
    "id": "fd64f243-ab55-4253-a281-dbba6f9820ed",
    "data": [
      {
        "text": "23 พ.ค. 2563",
        "meta": "@sys.date-time",
        "alias": "date-time",
        "userDefined": true
      }
    ],
    "isTemplate": false,
    "count": 0,
    "lang": "th",
    "updated": 0
  },
  {
    "id": "c719a095-3cd5-4135-b3cb-e0c43fd7a76c",
    "data": [
      {
        "text": "01/04/2563",
        "meta": "@sys.date-time",
        "alias": "date-time",
        "userDefined": false
      }
    ],
    "isTemplate": false,
    "count": 0,
    "lang": "th",
    "updated": 0
  }
]