[
  {
    "id": "86de5f32-f1c6-49b9-a0ca-f5b8fefc7516",
    "data": [
      {
        "text": "ดู",
        "meta": "@sys.ignore",
        "userDefined": false
      }
    ],
    "isTemplate": false,
    "count": 0,
    "lang": "th",
    "updated": 0
  },
  {
    "id": "87a56fa3-5674-4f4f-87ca-3363490b4756",
    "data": [
      {
        "text": "รายละเอียด",
        "userDefined": false
      }
    ],
    "isTemplate": false,
    "count": 1,
    "lang": "th",
    "updated": 0
  },
  {
    "id": "473f8305-7262-4e55-95ca-c37bdb235238",
    "data": [
      {
        "text": "ข้อมูล",
        "userDefined": false
      }
    ],
    "isTemplate": false,
    "count": 0,
    "lang": "th",
    "updated": 0
  },
  {
    "id": "020a3ef9-f3aa-4a9e-985a-7cca9fc5c278",
    "data": [
      {
        "text": "ข้อมูลจ่ะ",
        "userDefined": false
      }
    ],
    "isTemplate": false,
    "count": 0,
    "lang": "th",
    "updated": 0
  },
  {
    "id": "9ad0b18f-65c7-42be-b501-1194b498d5e3",
    "data": [
      {
        "text": "ขอดูข้อมูลหน่อยสิครับ",
        "userDefined": false
      }
    ],
    "isTemplate": false,
    "count": 0,
    "lang": "th",
    "updated": 0
  },
  {
    "id": "61c0eeea-c946-4278-a12a-fb12ac9ee051",
    "data": [
      {
        "text": "ดูข้อมูล",
        "userDefined": false
      }
    ],
    "isTemplate": false,
    "count": 0,
    "lang": "th",
    "updated": 0
  }
]