[
  {
    "id": "bd63bb03-d321-4cba-8247-b84dc841b9e9",
    "data": [
      {
        "text": "โปรเเกรมมิ่ง",
        "meta": "@Topic",
        "alias": "topic",
        "userDefined": true
      }
    ],
    "isTemplate": false,
    "count": 0,
    "lang": "th",
    "updated": 0
  },
  {
    "id": "d46f3996-9abe-4650-aeb2-74009e0ffb73",
    "data": [
      {
        "text": "Database",
        "meta": "@Topic",
        "alias": "topic",
        "userDefined": true
      }
    ],
    "isTemplate": false,
    "count": 0,
    "lang": "th",
    "updated": 0
  },
  {
    "id": "79b62660-e7a3-4bc0-96f1-82902efc0007",
    "data": [
      {
        "text": "programing",
        "meta": "@Topic",
        "alias": "topic",
        "userDefined": false
      }
    ],
    "isTemplate": false,
    "count": 0,
    "lang": "th",
    "updated": 0
  },
  {
    "id": "616c483a-bab9-42ad-803c-2685ad17004c",
    "data": [
      {
        "text": "Static",
        "meta": "@Topic",
        "alias": "topic",
        "userDefined": true
      }
    ],
    "isTemplate": false,
    "count": 0,
    "lang": "th",
    "updated": 0
  },
  {
    "id": "199bacbd-8681-47c8-8aa4-219a79076186",
    "data": [
      {
        "text": "science",
        "meta": "@Topic",
        "alias": "topic",
        "userDefined": true
      }
    ],
    "isTemplate": false,
    "count": 0,
    "lang": "th",
    "updated": 0
  },
  {
    "id": "0f9eb9a4-113a-4f5d-b774-13a9c2081f8d",
    "data": [
      {
        "text": "math",
        "meta": "@Topic",
        "alias": "topic",
        "userDefined": true
      }
    ],
    "isTemplate": false,
    "count": 0,
    "lang": "th",
    "updated": 0
  },
  {
    "id": "ee678081-0a8c-410a-af8c-e64374c59366",
    "data": [
      {
        "text": "Python",
        "meta": "@Topic",
        "alias": "topic",
        "userDefined": false
      }
    ],
    "isTemplate": false,
    "count": 0,
    "lang": "th",
    "updated": 0
  }
]