[
  {
    "id": "171dd27d-6640-4fdb-8062-4a1b559f5073",
    "data": [
      {
        "text": "ฉันไม่เห็นด้วย",
        "userDefined": true
      }
    ],
    "isTemplate": false,
    "count": 0,
    "lang": "th",
    "updated": 0
  },
  {
    "id": "ddb0e737-dd4b-4d4c-b449-156e497dd389",
    "data": [
      {
        "text": "ฉันไม่อยากทำ",
        "userDefined": true
      }
    ],
    "isTemplate": false,
    "count": 0,
    "lang": "th",
    "updated": 0
  },
  {
    "id": "39442546-178b-432a-ba26-8cf0260ad495",
    "data": [
      {
        "text": "ไม่เอา",
        "userDefined": true
      }
    ],
    "isTemplate": false,
    "count": 0,
    "lang": "th",
    "updated": 0
  },
  {
    "id": "da640bfa-8c08-4cd8-8ab2-1c757b322712",
    "data": [
      {
        "text": "ไม่",
        "userDefined": true
      }
    ],
    "isTemplate": false,
    "count": 0,
    "lang": "th",
    "updated": 0
  },
  {
    "id": "71942de5-8c4f-4ab8-92c3-657f2da4e44b",
    "data": [
      {
        "text": "ไม่สนใจ",
        "userDefined": true
      }
    ],
    "isTemplate": false,
    "count": 0,
    "lang": "th",
    "updated": 0
  },
  {
    "id": "aa79be75-7d33-4d25-846e-d6b62864447f",
    "data": [
      {
        "text": "ไม่เอานะ",
        "userDefined": true
      }
    ],
    "isTemplate": false,
    "count": 1,
    "lang": "th",
    "updated": 0
  },
  {
    "id": "a7702620-1b77-46e7-aec3-91ffd9b45389",
    "data": [
      {
        "text": "ไม่ล่ะ ขอบคุณ",
        "userDefined": true
      }
    ],
    "isTemplate": false,
    "count": 0,
    "lang": "th",
    "updated": 0
  },
  {
    "id": "dc8722fa-3b17-4d15-8cc9-b315eeac8629",
    "data": [
      {
        "text": "ไม่ทำนะ",
        "userDefined": true
      }
    ],
    "isTemplate": false,
    "count": 0,
    "lang": "th",
    "updated": 0
  }
]