[
  {
    "id": "88ac8154-0c0b-4ea1-85e3-5a419e8d9f85",
    "data": [
      {
        "text": "เบอ",
        "meta": "@sys.ignore",
        "userDefined": true
      }
    ],
    "isTemplate": false,
    "count": 0,
    "lang": "th",
    "updated": 0
  },
  {
    "id": "aa033f3a-85fb-4792-bea1-5d4c9b57efd1",
    "data": [
      {
        "text": "โทสับ",
        "meta": "@sys.ignore",
        "userDefined": true
      }
    ],
    "isTemplate": false,
    "count": 0,
    "lang": "th",
    "updated": 0
  },
  {
    "id": "ba603753-b5c0-4d50-a707-4da261c6eaeb",
    "data": [
      {
        "text": "เบอร์",
        "meta": "@sys.ignore",
        "userDefined": true
      }
    ],
    "isTemplate": false,
    "count": 0,
    "lang": "th",
    "updated": 0
  },
  {
    "id": "38ba1fb3-c1b3-4956-9309-2d3502a99590",
    "data": [
      {
        "text": "โทร",
        "meta": "@sys.ignore",
        "userDefined": true
      }
    ],
    "isTemplate": false,
    "count": 0,
    "lang": "th",
    "updated": 0
  },
  {
    "id": "8b5ebddb-b710-47b6-b16c-734eba7f165f",
    "data": [
      {
        "text": "โทรศัพท์",
        "meta": "@sys.ignore",
        "userDefined": true
      }
    ],
    "isTemplate": false,
    "count": 0,
    "lang": "th",
    "updated": 0
  }
]