[
  {
    "id": "458a095b-abbb-479e-aaf2-f72772752a67",
    "data": [
      {
        "text": "ฉันไม่เห็นด้วย",
        "userDefined": true
      }
    ],
    "isTemplate": false,
    "count": 0,
    "lang": "th",
    "updated": 0
  },
  {
    "id": "d0ac8fbe-0e76-4407-adb5-404a0e225c4d",
    "data": [
      {
        "text": "ฉันไม่อยากทำ",
        "userDefined": true
      }
    ],
    "isTemplate": false,
    "count": 0,
    "lang": "th",
    "updated": 0
  },
  {
    "id": "db2c8222-a9e7-4291-ac6f-2b3763a9dae1",
    "data": [
      {
        "text": "ไม่เอา",
        "userDefined": true
      }
    ],
    "isTemplate": false,
    "count": 0,
    "lang": "th",
    "updated": 0
  },
  {
    "id": "78886244-2cda-4ddf-a0eb-762dec3c476c",
    "data": [
      {
        "text": "ไม่",
        "userDefined": true
      }
    ],
    "isTemplate": false,
    "count": 0,
    "lang": "th",
    "updated": 0
  },
  {
    "id": "26e840aa-7ff8-4352-8866-8189df84a42d",
    "data": [
      {
        "text": "ไม่สนใจ",
        "userDefined": true
      }
    ],
    "isTemplate": false,
    "count": 0,
    "lang": "th",
    "updated": 0
  },
  {
    "id": "6bfbac51-d57b-41c5-8326-4fa64654cc22",
    "data": [
      {
        "text": "ไม่เอานะ",
        "userDefined": true
      }
    ],
    "isTemplate": false,
    "count": 1,
    "lang": "th",
    "updated": 0
  },
  {
    "id": "4752f7d7-d5c5-4938-958a-f42b98758171",
    "data": [
      {
        "text": "ไม่ล่ะ ขอบคุณ",
        "userDefined": true
      }
    ],
    "isTemplate": false,
    "count": 0,
    "lang": "th",
    "updated": 0
  },
  {
    "id": "6af36dc9-96cb-4e29-bbf4-115e0f35969f",
    "data": [
      {
        "text": "ไม่ทำนะ",
        "userDefined": true
      }
    ],
    "isTemplate": false,
    "count": 0,
    "lang": "th",
    "updated": 0
  }
]