[
  {
    "id": "45cf8a06-4407-4e89-bcf9-b17cf33b34f5",
    "data": [
      {
        "text": "email",
        "userDefined": false
      }
    ],
    "isTemplate": false,
    "count": 0,
    "lang": "th",
    "updated": 0
  },
  {
    "id": "a0be4bd2-e0bb-4f69-9b26-c927bcb7bcff",
    "data": [
      {
        "text": "อีเมล",
        "userDefined": false
      }
    ],
    "isTemplate": false,
    "count": 0,
    "lang": "th",
    "updated": 0
  },
  {
    "id": "798b0ab6-1a8a-46c8-8774-4eb58b92003f",
    "data": [
      {
        "text": "เมล",
        "userDefined": false
      }
    ],
    "isTemplate": false,
    "count": 0,
    "lang": "th",
    "updated": 0
  }
]