[
  {
    "id": "be64cfe1-0668-428a-b31a-569ee05febac",
    "data": [
      {
        "text": "ได้สิ",
        "userDefined": true
      }
    ],
    "isTemplate": false,
    "count": 0,
    "lang": "th",
    "updated": 0
  },
  {
    "id": "79c74427-be1d-4b41-b699-aa81b15e4edf",
    "data": [
      {
        "text": "ใช่เลย",
        "userDefined": true
      }
    ],
    "isTemplate": false,
    "count": 0,
    "lang": "th",
    "updated": 0
  },
  {
    "id": "c3543e9e-ba1c-4d83-808f-aaf78a685404",
    "data": [
      {
        "text": "ฉันยอมรับ",
        "userDefined": true
      }
    ],
    "isTemplate": false,
    "count": 0,
    "lang": "th",
    "updated": 0
  },
  {
    "id": "ddbfc0e8-3184-4ce6-8a45-6c0054272fbd",
    "data": [
      {
        "text": "ยืนยัน",
        "userDefined": true
      }
    ],
    "isTemplate": false,
    "count": 0,
    "lang": "th",
    "updated": 0
  },
  {
    "id": "6f3f26ef-5f0e-4515-9e26-0839ce52b8b7",
    "data": [
      {
        "text": "ได้เลย",
        "userDefined": true
      }
    ],
    "isTemplate": false,
    "count": 0,
    "lang": "th",
    "updated": 0
  },
  {
    "id": "dc4777c9-587c-4e32-80b9-f801a0bd63a9",
    "data": [
      {
        "text": "โอเคนะ",
        "userDefined": true
      }
    ],
    "isTemplate": false,
    "count": 0,
    "lang": "th",
    "updated": 0
  },
  {
    "id": "87248ca9-e74c-4171-a887-1b79d11f4c60",
    "data": [
      {
        "text": "ใช่",
        "userDefined": true
      }
    ],
    "isTemplate": false,
    "count": 0,
    "lang": "th",
    "updated": 0
  },
  {
    "id": "6a86f9c7-76ba-40bb-9698-0f8846d65cc0",
    "data": [
      {
        "text": "ดีมาก",
        "userDefined": true
      }
    ],
    "isTemplate": false,
    "count": 0,
    "lang": "th",
    "updated": 0
  },
  {
    "id": "253cda97-1c04-4ae7-a2cb-cdd98954b68e",
    "data": [
      {
        "text": "ถูกต้องแล้ว",
        "userDefined": true
      }
    ],
    "isTemplate": false,
    "count": 0,
    "lang": "th",
    "updated": 0
  },
  {
    "id": "d6057ea9-6e60-4eb4-8e25-acc98e1fbe5a",
    "data": [
      {
        "text": "ทำเลย",
        "userDefined": true
      }
    ],
    "isTemplate": false,
    "count": 0,
    "lang": "th",
    "updated": 0
  }
]