[
  {
    "id": "01c4635a-cc13-4bf0-b918-939d3803d0bd",
    "data": [
      {
        "text": "ได้สิ",
        "userDefined": true
      }
    ],
    "isTemplate": false,
    "count": 0,
    "lang": "th",
    "updated": 0
  },
  {
    "id": "c4fdca23-8956-4b5b-b474-d1dad2f0ff20",
    "data": [
      {
        "text": "ใช่เลย",
        "userDefined": true
      }
    ],
    "isTemplate": false,
    "count": 0,
    "lang": "th",
    "updated": 0
  },
  {
    "id": "3debc864-b7de-4de4-b81a-9b0fae6f589d",
    "data": [
      {
        "text": "ฉันยอมรับ",
        "userDefined": true
      }
    ],
    "isTemplate": false,
    "count": 0,
    "lang": "th",
    "updated": 0
  },
  {
    "id": "a35d46af-89f5-4b1a-a931-5e2a6a265c40",
    "data": [
      {
        "text": "ยืนยัน",
        "userDefined": true
      }
    ],
    "isTemplate": false,
    "count": 0,
    "lang": "th",
    "updated": 0
  },
  {
    "id": "77d6f9ae-e509-4ea8-934a-8be4cae3c20a",
    "data": [
      {
        "text": "ได้เลย",
        "userDefined": true
      }
    ],
    "isTemplate": false,
    "count": 0,
    "lang": "th",
    "updated": 0
  },
  {
    "id": "f727d21d-6eaa-4636-9d40-7c2b837546cb",
    "data": [
      {
        "text": "โอเคนะ",
        "userDefined": true
      }
    ],
    "isTemplate": false,
    "count": 0,
    "lang": "th",
    "updated": 0
  },
  {
    "id": "21465793-907a-47fe-b925-3b6e497348a9",
    "data": [
      {
        "text": "ใช่",
        "userDefined": true
      }
    ],
    "isTemplate": false,
    "count": 0,
    "lang": "th",
    "updated": 0
  },
  {
    "id": "867da863-937f-41d7-beee-c8d44d01d1a2",
    "data": [
      {
        "text": "ดีมาก",
        "userDefined": true
      }
    ],
    "isTemplate": false,
    "count": 0,
    "lang": "th",
    "updated": 0
  },
  {
    "id": "10cba1c1-44de-467d-87d3-a12fb2ab2364",
    "data": [
      {
        "text": "ถูกต้องแล้ว",
        "userDefined": true
      }
    ],
    "isTemplate": false,
    "count": 0,
    "lang": "th",
    "updated": 0
  },
  {
    "id": "734f8434-cddf-4fd8-ab1c-30f46e17a6c3",
    "data": [
      {
        "text": "ทำเลย",
        "userDefined": true
      }
    ],
    "isTemplate": false,
    "count": 0,
    "lang": "th",
    "updated": 0
  }
]