[
  {
    "id": "c2de025a-bb96-40cb-83bc-5d3e9225ba00",
    "data": [
      {
        "text": "โอเคร",
        "userDefined": false
      }
    ],
    "isTemplate": false,
    "count": 0,
    "lang": "th",
    "updated": 0
  },
  {
    "id": "b1557ac2-4b8b-4629-a4a0-50413f7fe873",
    "data": [
      {
        "text": "ได้สิ",
        "userDefined": false
      }
    ],
    "isTemplate": false,
    "count": 0,
    "lang": "th",
    "updated": 0
  },
  {
    "id": "59e54df0-bc3f-4fe2-9829-a423766cea48",
    "data": [
      {
        "text": "ใช่เลย",
        "userDefined": false
      }
    ],
    "isTemplate": false,
    "count": 0,
    "lang": "th",
    "updated": 0
  },
  {
    "id": "cab817cb-bdfd-45b8-871d-b24e750ed803",
    "data": [
      {
        "text": "ฉันยอมรับ",
        "userDefined": false
      }
    ],
    "isTemplate": false,
    "count": 0,
    "lang": "th",
    "updated": 0
  },
  {
    "id": "1e622ecd-491c-47a2-ab1f-6076094c6250",
    "data": [
      {
        "text": "ยืนยัน",
        "userDefined": false
      }
    ],
    "isTemplate": false,
    "count": 0,
    "lang": "th",
    "updated": 0
  },
  {
    "id": "1fb9f7a9-5c05-4f93-8e30-754a6ee9a17f",
    "data": [
      {
        "text": "ได้เลย",
        "userDefined": false
      }
    ],
    "isTemplate": false,
    "count": 0,
    "lang": "th",
    "updated": 0
  },
  {
    "id": "48e09dfd-04d9-47bd-a07a-d858753bdf91",
    "data": [
      {
        "text": "โอเคนะ",
        "userDefined": false
      }
    ],
    "isTemplate": false,
    "count": 0,
    "lang": "th",
    "updated": 0
  },
  {
    "id": "fde4f4b8-1553-4715-bb03-6d733b7680fc",
    "data": [
      {
        "text": "ใช่",
        "userDefined": false
      }
    ],
    "isTemplate": false,
    "count": 0,
    "lang": "th",
    "updated": 0
  },
  {
    "id": "94ca7eb4-156f-4b8f-938e-d5280dac978a",
    "data": [
      {
        "text": "ดีมาก",
        "userDefined": false
      }
    ],
    "isTemplate": false,
    "count": 0,
    "lang": "th",
    "updated": 0
  },
  {
    "id": "6d4a5c3f-f48d-462b-8515-462370f4cbf2",
    "data": [
      {
        "text": "ถูกต้องแล้ว",
        "userDefined": false
      }
    ],
    "isTemplate": false,
    "count": 0,
    "lang": "th",
    "updated": 0
  },
  {
    "id": "21c33311-e34d-4ced-8ce8-e0defb05f086",
    "data": [
      {
        "text": "ทำเลย",
        "userDefined": true
      }
    ],
    "isTemplate": false,
    "count": 0,
    "lang": "th",
    "updated": 0
  }
]