[
  {
    "id": "d136d9c9-3e78-4dd5-917c-d7da6625a960",
    "data": [
      {
        "text": "ยังไม่ใช่ตอนนี้",
        "userDefined": true
      }
    ],
    "isTemplate": false,
    "count": 0,
    "lang": "th",
    "updated": 0
  },
  {
    "id": "6aa39d82-7a27-47c8-8923-5e3da788522b",
    "data": [
      {
        "text": "ยังก่อน",
        "userDefined": true
      }
    ],
    "isTemplate": false,
    "count": 0,
    "lang": "th",
    "updated": 0
  },
  {
    "id": "3fb304a9-7d43-4b1e-847d-ff139fc66f47",
    "data": [
      {
        "text": "เอาไว้ก่อน",
        "userDefined": true
      }
    ],
    "isTemplate": false,
    "count": 0,
    "lang": "th",
    "updated": 0
  },
  {
    "id": "057588e8-bf82-4881-a857-e5770d2b34dc",
    "data": [
      {
        "text": "ฉันบอกว่าไว้ทำทีหลัง",
        "userDefined": false
      }
    ],
    "isTemplate": false,
    "count": 0,
    "lang": "th",
    "updated": 0
  },
  {
    "id": "fe75766e-b614-492a-93b9-2b17dbed0264",
    "data": [
      {
        "text": "ไว้คราวหลัง",
        "userDefined": true
      }
    ],
    "isTemplate": false,
    "count": 0,
    "lang": "th",
    "updated": 0
  },
  {
    "id": "2e333ba0-34f7-4f6c-ae88-1ae1f2a15764",
    "data": [
      {
        "text": "ไม่ทำตอนนี้นะ",
        "userDefined": true
      }
    ],
    "isTemplate": false,
    "count": 0,
    "lang": "th",
    "updated": 0
  },
  {
    "id": "dbcf0ed0-423d-494c-94ec-0a46b4bceae7",
    "data": [
      {
        "text": "ครั้งหน้านะ",
        "userDefined": true
      }
    ],
    "isTemplate": false,
    "count": 0,
    "lang": "th",
    "updated": 0
  },
  {
    "id": "4c531b11-6bf5-4e56-b42b-acfc114ebfe1",
    "data": [
      {
        "text": "ยังไม่ทำตอนนี้",
        "userDefined": true
      }
    ],
    "isTemplate": false,
    "count": 0,
    "lang": "th",
    "updated": 0
  },
  {
    "id": "ab193ef8-f79e-464c-99ed-46986e20f5c3",
    "data": [
      {
        "text": "ไว้ทำทีหลัง",
        "userDefined": true
      }
    ],
    "isTemplate": false,
    "count": 1,
    "lang": "th",
    "updated": 0
  }
]