[
  {
    "data": [
      {
        "text": "ไม่",
        "userDefined": false
      }
    ],
    "isTemplate": false,
    "count": 0,
    "lang": "th",
    "updated": 0
  },
  {
    "id": "963a9f68-7479-48c2-a4f4-44b0a3d9b0a6",
    "data": [
      {
        "text": "ไม่ต้อง",
        "userDefined": false
      }
    ],
    "isTemplate": false,
    "count": 0,
    "lang": "th",
    "updated": 0
  },
  {
    "id": "49b20d43-121a-4c9a-ac55-dcf9d5483d97",
    "data": [
      {
        "text": "พอเเล้ว",
        "userDefined": false
      }
    ],
    "isTemplate": false,
    "count": 0,
    "lang": "th",
    "updated": 0
  },
  {
    "id": "93ed6504-561f-45f4-889d-1273ed605d05",
    "data": [
      {
        "text": "ไม่มีไม่มีเเล้ว",
        "userDefined": false
      }
    ],
    "isTemplate": false,
    "count": 0,
    "lang": "th",
    "updated": 0
  },
  {
    "id": "32d80cd1-1276-40db-9648-ff4121073ad1",
    "data": [
      {
        "text": "ไม่มี",
        "userDefined": false
      }
    ],
    "isTemplate": false,
    "count": 0,
    "lang": "th",
    "updated": 0
  },
  {
    "id": "e188534a-8e97-41c4-8345-18eb6e29ec1b",
    "data": [
      {
        "text": "ไม่มีอะไรเเล้วละ",
        "userDefined": false
      }
    ],
    "isTemplate": false,
    "count": 0,
    "lang": "th",
    "updated": 0
  },
  {
    "id": "6518cec3-f7d3-493d-baf2-8a48c5f3eae2",
    "data": [
      {
        "text": "ยกเลิก",
        "userDefined": false
      }
    ],
    "isTemplate": false,
    "count": 0,
    "lang": "th",
    "updated": 0
  }
]