[
  {
    "id": "1d15fc1e-a3ee-4111-a343-bc360ae012ee",
    "data": [
      {
        "text": "ประเมิณอบรม",
        "userDefined": false
      }
    ],
    "isTemplate": false,
    "count": 0,
    "lang": "th",
    "updated": 0
  },
  {
    "id": "64de4c54-a38e-4a06-a1f7-5c811c49e182",
    "data": [
      {
        "text": "ประเมิณงานอบรม",
        "userDefined": false
      }
    ],
    "isTemplate": false,
    "count": 0,
    "lang": "th",
    "updated": 0
  },
  {
    "id": "2b9f3e47-269f-4119-9d6d-8cf3c5e7138a",
    "data": [
      {
        "text": "ประเมิณ",
        "userDefined": false
      }
    ],
    "isTemplate": false,
    "count": 0,
    "lang": "th",
    "updated": 0
  },
  {
    "id": "fe922291-8735-48a0-ba52-684687a3287c",
    "data": [
      {
        "text": "ให้คะเเนน",
        "userDefined": false
      }
    ],
    "isTemplate": false,
    "count": 0,
    "lang": "th",
    "updated": 0
  },
  {
    "id": "879d0733-8af6-47e3-be95-ffc1e119c77b",
    "data": [
      {
        "text": "เเสดงความพึงพอใจ",
        "userDefined": false
      }
    ],
    "isTemplate": false,
    "count": 0,
    "lang": "th",
    "updated": 0
  },
  {
    "id": "b1dd1fcc-7fd9-4c09-b398-ad22a9f2fbae",
    "data": [
      {
        "text": "ฟีดแบค",
        "userDefined": false
      }
    ],
    "isTemplate": false,
    "count": 0,
    "lang": "th",
    "updated": 0
  },
  {
    "id": "7ed6dd63-d1aa-43f3-a2d6-f020bb7f8213",
    "data": [
      {
        "text": "ความคิดเห็น",
        "userDefined": false
      }
    ],
    "isTemplate": false,
    "count": 0,
    "lang": "th",
    "updated": 0
  },
  {
    "id": "52dadb5a-a665-4920-a44c-653e561313d2",
    "data": [
      {
        "text": "เเสดงความคิดเห็น",
        "userDefined": false
      }
    ],
    "isTemplate": false,
    "count": 0,
    "lang": "th",
    "updated": 0
  }
]