[
  {
    "id": "d320ae67-3299-40f3-81f7-d16b4b952132",
    "data": [
      {
        "text": "ประเมิณ",
        "userDefined": false
      }
    ],
    "isTemplate": false,
    "count": 0,
    "lang": "en",
    "updated": 0
  },
  {
    "id": "a6b8ffe2-7713-46a2-b95b-07b1a5245449",
    "data": [
      {
        "text": "ให้คะเเนน",
        "userDefined": false
      }
    ],
    "isTemplate": false,
    "count": 0,
    "lang": "en",
    "updated": 0
  },
  {
    "id": "b198b6f2-750d-4380-a92f-07488ac572dd",
    "data": [
      {
        "text": "เเสดงความพึงพอใจ",
        "userDefined": false
      }
    ],
    "isTemplate": false,
    "count": 0,
    "lang": "en",
    "updated": 0
  },
  {
    "id": "11a341d9-512a-4aeb-b2ce-8f5a24bdc42e",
    "data": [
      {
        "text": "ฟีดแบค",
        "userDefined": false
      }
    ],
    "isTemplate": false,
    "count": 0,
    "lang": "en",
    "updated": 0
  },
  {
    "id": "5cf5291b-19c0-424f-8a54-4f88155fa0f5",
    "data": [
      {
        "text": "ความคิดเห็น",
        "userDefined": false
      }
    ],
    "isTemplate": false,
    "count": 0,
    "lang": "en",
    "updated": 0
  },
  {
    "id": "dab11b4e-f216-42f5-b73c-ac4fce0f4c07",
    "data": [
      {
        "text": "เเสดงความคิดเห็น",
        "userDefined": false
      }
    ],
    "isTemplate": false,
    "count": 0,
    "lang": "en",
    "updated": 0
  }
]