[
  {
    "id": "47798d65-bd8a-44dd-9bc2-e422dfa4b90c",
    "data": [
      {
        "text": "5",
        "meta": "@sys.number",
        "alias": "Score",
        "userDefined": false
      }
    ],
    "isTemplate": false,
    "count": 0,
    "lang": "th",
    "updated": 0
  },
  {
    "id": "20e5bc5e-95be-486f-ba4a-b82e2a973e36",
    "data": [
      {
        "text": "4",
        "meta": "@sys.number",
        "alias": "Score",
        "userDefined": false
      }
    ],
    "isTemplate": false,
    "count": 0,
    "lang": "th",
    "updated": 0
  },
  {
    "id": "d38dd793-88a4-4e36-9021-53dbecbff2d9",
    "data": [
      {
        "text": "3",
        "meta": "@sys.number",
        "alias": "Score",
        "userDefined": false
      }
    ],
    "isTemplate": false,
    "count": 0,
    "lang": "th",
    "updated": 0
  },
  {
    "id": "866e4425-5fc8-4060-bae4-29b0bc23793a",
    "data": [
      {
        "text": "2",
        "meta": "@sys.number",
        "alias": "Score",
        "userDefined": false
      }
    ],
    "isTemplate": false,
    "count": 0,
    "lang": "th",
    "updated": 0
  },
  {
    "id": "68713c15-ec42-4c10-8553-5e3481c4d252",
    "data": [
      {
        "text": "1",
        "meta": "@sys.number",
        "alias": "Score",
        "userDefined": false
      }
    ],
    "isTemplate": false,
    "count": 0,
    "lang": "th",
    "updated": 0
  }
]