[
  {
    "id": "e82a7aa1-0f7b-4729-abce-8047acc3152a",
    "data": [
      {
        "text": "ได้สิ",
        "userDefined": true
      }
    ],
    "isTemplate": false,
    "count": 0,
    "lang": "th",
    "updated": 0
  },
  {
    "id": "707ebf88-d3c6-4aea-a291-4172b808b15e",
    "data": [
      {
        "text": "ใช่เลย",
        "userDefined": true
      }
    ],
    "isTemplate": false,
    "count": 0,
    "lang": "th",
    "updated": 0
  },
  {
    "id": "98ce0d4d-1610-49c8-8e0f-2cc6fd34dc40",
    "data": [
      {
        "text": "ฉันยอมรับ",
        "userDefined": true
      }
    ],
    "isTemplate": false,
    "count": 0,
    "lang": "th",
    "updated": 0
  },
  {
    "id": "fd372905-f8d6-4d39-9e1b-5a56d875f69c",
    "data": [
      {
        "text": "ยืนยัน",
        "userDefined": true
      }
    ],
    "isTemplate": false,
    "count": 0,
    "lang": "th",
    "updated": 0
  },
  {
    "id": "b7fc6356-d17a-492b-802d-fcea3047ecb9",
    "data": [
      {
        "text": "ได้เลย",
        "userDefined": true
      }
    ],
    "isTemplate": false,
    "count": 0,
    "lang": "th",
    "updated": 0
  },
  {
    "id": "6ab0a3b4-7a4a-46af-a515-34acbe04d833",
    "data": [
      {
        "text": "โอเคนะ",
        "userDefined": true
      }
    ],
    "isTemplate": false,
    "count": 0,
    "lang": "th",
    "updated": 0
  },
  {
    "id": "0e885898-adde-49d6-933e-e47cf9c4b725",
    "data": [
      {
        "text": "ใช่",
        "userDefined": true
      }
    ],
    "isTemplate": false,
    "count": 0,
    "lang": "th",
    "updated": 0
  },
  {
    "id": "f13b95cd-748c-4ad3-a77d-3970ec605ef1",
    "data": [
      {
        "text": "ดีมาก",
        "userDefined": true
      }
    ],
    "isTemplate": false,
    "count": 0,
    "lang": "th",
    "updated": 0
  },
  {
    "id": "e7ccd02e-0eec-4535-96c6-1526227b6cdd",
    "data": [
      {
        "text": "ถูกต้องแล้ว",
        "userDefined": true
      }
    ],
    "isTemplate": false,
    "count": 0,
    "lang": "th",
    "updated": 0
  },
  {
    "id": "04ba86dc-5309-4700-9096-bd6e25ad18fe",
    "data": [
      {
        "text": "ทำเลย",
        "userDefined": true
      }
    ],
    "isTemplate": false,
    "count": 0,
    "lang": "th",
    "updated": 0
  }
]