[
  {
    "id": "84156493-55fb-40e6-8110-7261b573ec9b",
    "data": [
      {
        "text": "ฉันไม่เห็นด้วย",
        "userDefined": true
      }
    ],
    "isTemplate": false,
    "count": 0,
    "lang": "th",
    "updated": 0
  },
  {
    "id": "f07f483e-b7f7-43a8-9bda-72f2829d6912",
    "data": [
      {
        "text": "ฉันไม่อยากทำ",
        "userDefined": true
      }
    ],
    "isTemplate": false,
    "count": 0,
    "lang": "th",
    "updated": 0
  },
  {
    "id": "7b19f9f3-e9f5-4c5d-84b5-a092f36d9dc6",
    "data": [
      {
        "text": "ไม่เอา",
        "userDefined": true
      }
    ],
    "isTemplate": false,
    "count": 0,
    "lang": "th",
    "updated": 0
  },
  {
    "id": "9817e7db-ec5a-453c-9920-3888ef60bf1c",
    "data": [
      {
        "text": "ไม่",
        "userDefined": true
      }
    ],
    "isTemplate": false,
    "count": 0,
    "lang": "th",
    "updated": 0
  },
  {
    "id": "62bfe002-989e-4ed5-b989-4da193976cdb",
    "data": [
      {
        "text": "ไม่สนใจ",
        "userDefined": true
      }
    ],
    "isTemplate": false,
    "count": 0,
    "lang": "th",
    "updated": 0
  },
  {
    "id": "38433cc5-9a82-4368-b3a3-afee0fc79259",
    "data": [
      {
        "text": "ไม่เอานะ",
        "userDefined": true
      }
    ],
    "isTemplate": false,
    "count": 1,
    "lang": "th",
    "updated": 0
  },
  {
    "id": "1b83e05c-70c1-46a4-a1a2-3d0f178404fe",
    "data": [
      {
        "text": "ไม่ล่ะ ขอบคุณ",
        "userDefined": true
      }
    ],
    "isTemplate": false,
    "count": 0,
    "lang": "th",
    "updated": 0
  },
  {
    "id": "92a60c8e-1a2b-4f6f-91e4-1efaf4af1bf2",
    "data": [
      {
        "text": "ไม่ทำนะ",
        "userDefined": true
      }
    ],
    "isTemplate": false,
    "count": 0,
    "lang": "th",
    "updated": 0
  }
]