[
  {
    "id": "db03fe2e-c4d3-46ac-b9dd-72c20bd0edeb",
    "data": [
      {
        "text": "5",
        "meta": "@sys.number",
        "alias": "Score",
        "userDefined": true
      }
    ],
    "isTemplate": false,
    "count": 0,
    "lang": "en",
    "updated": 0
  },
  {
    "id": "4f81bc66-f87e-4782-afde-b508f74f588f",
    "data": [
      {
        "text": "4",
        "meta": "@sys.number",
        "alias": "Score",
        "userDefined": true
      }
    ],
    "isTemplate": false,
    "count": 0,
    "lang": "en",
    "updated": 0
  },
  {
    "id": "fc4ef276-d746-42ea-a516-11aa38680a34",
    "data": [
      {
        "text": "3",
        "meta": "@sys.number",
        "alias": "Score",
        "userDefined": true
      }
    ],
    "isTemplate": false,
    "count": 0,
    "lang": "en",
    "updated": 0
  },
  {
    "id": "c3119fe0-263f-4855-8079-a8b701068a9a",
    "data": [
      {
        "text": "2",
        "meta": "@sys.number",
        "alias": "Score",
        "userDefined": true
      }
    ],
    "isTemplate": false,
    "count": 0,
    "lang": "en",
    "updated": 0
  },
  {
    "id": "e6fb51f3-1f8a-465d-9173-8276a3c327f2",
    "data": [
      {
        "text": "1",
        "meta": "@sys.number",
        "alias": "Score",
        "userDefined": true
      }
    ],
    "isTemplate": false,
    "count": 0,
    "lang": "en",
    "updated": 0
  }
]