[
  {
    "id": "d69e2a2b-23fe-4dc0-98a6-5a533fe1718d",
    "data": [
      {
        "text": "Python for expert",
        "meta": "@Topic",
        "alias": "topic",
        "userDefined": false
      }
    ],
    "isTemplate": false,
    "count": 0,
    "lang": "th",
    "updated": 0
  },
  {
    "id": "64854b1f-9fcd-4b2d-925f-bfdb3a033ea4",
    "data": [
      {
        "text": "Python for beginner",
        "meta": "@Topic",
        "alias": "topic",
        "userDefined": false
      }
    ],
    "isTemplate": false,
    "count": 0,
    "lang": "th",
    "updated": 0
  }
]