[
  {
    "id": "4ac5bd0b-b4c8-49a3-ae73-85c2be5e4243",
    "data": [
      {
        "text": "ชำระ",
        "userDefined": false
      }
    ],
    "isTemplate": false,
    "count": 0,
    "lang": "en",
    "updated": 0
  },
  {
    "id": "fe3a3b54-561a-4e75-b3b6-77bbe63d4d49",
    "data": [
      {
        "text": "จ่าย",
        "userDefined": false
      }
    ],
    "isTemplate": false,
    "count": 0,
    "lang": "en",
    "updated": 0
  },
  {
    "id": "0ae39109-685e-4fb8-b57e-585d0cf29eba",
    "data": [
      {
        "text": "ชำระเงิน",
        "userDefined": false
      }
    ],
    "isTemplate": false,
    "count": 0,
    "lang": "en",
    "updated": 0
  },
  {
    "id": "794cbdf5-45bf-4b13-ac63-763fa5d5dc35",
    "data": [
      {
        "text": "จ่ายเงิน",
        "userDefined": false
      }
    ],
    "isTemplate": false,
    "count": 0,
    "lang": "en",
    "updated": 0
  }
]