[
  {
    "id": "4b28828e-d75b-45f2-93dd-851589192082",
    "data": [
      {
        "text": "ได้สิ",
        "userDefined": true
      }
    ],
    "isTemplate": false,
    "count": 0,
    "lang": "th",
    "updated": 0
  },
  {
    "id": "0903a591-4eb8-4381-89dc-1fe8dc236f4d",
    "data": [
      {
        "text": "ใช่เลย",
        "userDefined": true
      }
    ],
    "isTemplate": false,
    "count": 0,
    "lang": "th",
    "updated": 0
  },
  {
    "id": "4dc7d781-d6b9-445f-a76d-127af0194338",
    "data": [
      {
        "text": "ฉันยอมรับ",
        "userDefined": true
      }
    ],
    "isTemplate": false,
    "count": 0,
    "lang": "th",
    "updated": 0
  },
  {
    "id": "19b456b0-fa2c-44a6-b65e-db53a1d5c92d",
    "data": [
      {
        "text": "ยืนยัน",
        "userDefined": true
      }
    ],
    "isTemplate": false,
    "count": 0,
    "lang": "th",
    "updated": 0
  },
  {
    "id": "35c76515-858d-4226-b0bd-627ec5e4c23d",
    "data": [
      {
        "text": "ได้เลย",
        "userDefined": true
      }
    ],
    "isTemplate": false,
    "count": 0,
    "lang": "th",
    "updated": 0
  },
  {
    "id": "8e789ca9-e956-4d5c-b216-7da4cf6e4e33",
    "data": [
      {
        "text": "โอเคนะ",
        "userDefined": true
      }
    ],
    "isTemplate": false,
    "count": 0,
    "lang": "th",
    "updated": 0
  },
  {
    "id": "955aa35e-2f77-4926-900c-2530a3590720",
    "data": [
      {
        "text": "ใช่",
        "userDefined": true
      }
    ],
    "isTemplate": false,
    "count": 0,
    "lang": "th",
    "updated": 0
  },
  {
    "id": "d0ae15b2-2399-44d8-943f-bd3e775c58ac",
    "data": [
      {
        "text": "ดีมาก",
        "userDefined": true
      }
    ],
    "isTemplate": false,
    "count": 0,
    "lang": "th",
    "updated": 0
  },
  {
    "id": "dff2c7fc-0f9a-49b8-8c9e-ea2a43d92cae",
    "data": [
      {
        "text": "ถูกต้องแล้ว",
        "userDefined": true
      }
    ],
    "isTemplate": false,
    "count": 0,
    "lang": "th",
    "updated": 0
  },
  {
    "id": "b004f40f-84f3-474e-9c6f-0772b8d49389",
    "data": [
      {
        "text": "ทำเลย",
        "userDefined": true
      }
    ],
    "isTemplate": false,
    "count": 0,
    "lang": "th",
    "updated": 0
  }
]