[
  {
    "id": "fc27851d-8536-469e-9eca-bee8c9c12a05",
    "data": [
      {
        "text": "ชำระค่าลงทะเบียน",
        "userDefined": false
      }
    ],
    "isTemplate": false,
    "count": 0,
    "lang": "th",
    "updated": 0
  },
  {
    "id": "6afa61e6-b139-43cb-bc33-b931cf87f75d",
    "data": [
      {
        "text": "จ่ายเงิน",
        "userDefined": false
      }
    ],
    "isTemplate": false,
    "count": 0,
    "lang": "th",
    "updated": 0
  },
  {
    "id": "75ffc3a5-ec88-4087-88ea-5153fac174a2",
    "data": [
      {
        "text": "จ่าย",
        "userDefined": false
      }
    ],
    "isTemplate": false,
    "count": 0,
    "lang": "th",
    "updated": 0
  },
  {
    "id": "f79cfc17-d898-4ac7-a76e-89a1658e17ee",
    "data": [
      {
        "text": "ชำระ",
        "userDefined": false
      }
    ],
    "isTemplate": false,
    "count": 0,
    "lang": "th",
    "updated": 0
  }
]