[
  {
    "id": "9b81c55f-2388-4243-875a-9e6dae0b5a90",
    "data": [
      {
        "text": "สิรดนัย บุญยืน",
        "meta": "@Personlist",
        "alias": "name",
        "userDefined": true
      }
    ],
    "isTemplate": false,
    "count": 0,
    "lang": "th",
    "updated": 0
  },
  {
    "id": "99a11c00-9703-4837-9be3-fa99f37151ef",
    "data": [
      {
        "text": "สมชาย วิทยา",
        "meta": "@Personlist",
        "alias": "name",
        "userDefined": true
      }
    ],
    "isTemplate": false,
    "count": 0,
    "lang": "th",
    "updated": 0
  },
  {
    "id": "5c44d472-d79a-43fe-8a85-34de4afb9bdd",
    "data": [
      {
        "text": "วิศรุต ศิวสุนทร",
        "meta": "@Personlist",
        "alias": "name",
        "userDefined": true
      }
    ],
    "isTemplate": false,
    "count": 0,
    "lang": "th",
    "updated": 0
  }
]