[
  {
    "id": "c0f81aaf-7456-4b4b-93d5-68a80ab4b75f",
    "data": [
      {
        "text": "ยืนยัน",
        "userDefined": false
      }
    ],
    "isTemplate": false,
    "count": 0,
    "lang": "th",
    "updated": 0
  },
  {
    "id": "88ae1128-8405-49c1-85cc-fee0d9679f45",
    "data": [
      {
        "text": "เอาเลย",
        "userDefined": false
      }
    ],
    "isTemplate": false,
    "count": 0,
    "lang": "th",
    "updated": 0
  },
  {
    "id": "6d28e26e-bcb2-44c6-abd3-731334b7e601",
    "data": [
      {
        "text": "จัดไป",
        "userDefined": false
      }
    ],
    "isTemplate": false,
    "count": 0,
    "lang": "th",
    "updated": 0
  },
  {
    "id": "4ebe8ae6-58ee-4b2c-a09e-d23651d23392",
    "data": [
      {
        "text": "ได้เลย",
        "userDefined": false
      }
    ],
    "isTemplate": false,
    "count": 0,
    "lang": "th",
    "updated": 0
  },
  {
    "id": "de4b8052-2a66-4c27-9f40-606e68d1f74d",
    "data": [
      {
        "text": "สมัครเลย",
        "userDefined": false
      }
    ],
    "isTemplate": false,
    "count": 0,
    "lang": "th",
    "updated": 0
  },
  {
    "id": "d4c37ca1-f782-48df-bed2-e9c7e18ed708",
    "data": [
      {
        "text": "เข้าร่วม",
        "userDefined": false
      }
    ],
    "isTemplate": false,
    "count": 0,
    "lang": "th",
    "updated": 0
  },
  {
    "id": "eb7581e4-492f-4879-99cd-39eb9ec5072a",
    "data": [
      {
        "text": "สมัคร",
        "userDefined": false
      }
    ],
    "isTemplate": false,
    "count": 0,
    "lang": "th",
    "updated": 0
  },
  {
    "id": "4e9a9d65-12ed-44cb-a917-99c71047a212",
    "data": [
      {
        "text": "ลงทะเบียน",
        "userDefined": false
      }
    ],
    "isTemplate": false,
    "count": 0,
    "lang": "th",
    "updated": 0
  },
  {
    "id": "03dd8123-d3af-41ed-ba4b-3fd025691aa0",
    "data": [
      {
        "text": "signup",
        "userDefined": false
      }
    ],
    "isTemplate": false,
    "count": 1,
    "lang": "th",
    "updated": 0
  },
  {
    "id": "3c9607bb-f88b-4079-b01d-c9fde6ebd6e0",
    "data": [
      {
        "text": "reg",
        "meta": "@sys.ignore",
        "userDefined": false
      }
    ],
    "isTemplate": false,
    "count": 0,
    "lang": "th",
    "updated": 0
  },
  {
    "id": "cb45a999-7646-4022-a09b-67f131bcc333",
    "data": [
      {
        "text": "register",
        "userDefined": false
      }
    ],
    "isTemplate": false,
    "count": 0,
    "lang": "th",
    "updated": 0
  }
]