[
  {
    "id": "1edcb0db-1e66-485c-bde6-c90e244c4818",
    "data": [
      {
        "text": "ไม่ถูกต้อง",
        "userDefined": false
      }
    ],
    "isTemplate": false,
    "count": 0,
    "lang": "th",
    "updated": 0
  },
  {
    "id": "455040f8-6322-4dd2-968a-c1eb583a14ad",
    "data": [
      {
        "text": "ไม่ถูก",
        "userDefined": false
      }
    ],
    "isTemplate": false,
    "count": 0,
    "lang": "th",
    "updated": 0
  },
  {
    "id": "54f11808-135f-42a8-8c58-b767266b569b",
    "data": [
      {
        "text": "ฉันไม่เห็นด้วย",
        "userDefined": false
      }
    ],
    "isTemplate": false,
    "count": 0,
    "lang": "th",
    "updated": 0
  },
  {
    "id": "e0758144-f822-4b9d-9b84-945a622883dc",
    "data": [
      {
        "text": "ฉันไม่อยากทำ",
        "userDefined": false
      }
    ],
    "isTemplate": false,
    "count": 0,
    "lang": "th",
    "updated": 0
  },
  {
    "id": "338853f4-8bba-4d72-9f59-745f5418f2fc",
    "data": [
      {
        "text": "ไม่เอา",
        "userDefined": false
      }
    ],
    "isTemplate": false,
    "count": 0,
    "lang": "th",
    "updated": 0
  },
  {
    "id": "1ec48ebf-fcc7-482a-adaf-1d5c6ff22bab",
    "data": [
      {
        "text": "ไม่",
        "userDefined": false
      }
    ],
    "isTemplate": false,
    "count": 0,
    "lang": "th",
    "updated": 0
  },
  {
    "id": "f3b0a3ac-ca73-4412-9306-78f5a96856bd",
    "data": [
      {
        "text": "ไม่สนใจ",
        "userDefined": false
      }
    ],
    "isTemplate": false,
    "count": 0,
    "lang": "th",
    "updated": 0
  },
  {
    "id": "2bcc566b-ff26-451c-8c98-08996d82099a",
    "data": [
      {
        "text": "ไม่เอานะ",
        "userDefined": false
      }
    ],
    "isTemplate": false,
    "count": 1,
    "lang": "th",
    "updated": 0
  },
  {
    "id": "0e37efdb-b3ce-4f31-a920-dca5d31294f9",
    "data": [
      {
        "text": "ไม่ล่ะ ขอบคุณ",
        "userDefined": false
      }
    ],
    "isTemplate": false,
    "count": 0,
    "lang": "th",
    "updated": 0
  },
  {
    "id": "36787ee5-5dd6-4c08-b700-6691a6973ef2",
    "data": [
      {
        "text": "ไม่ทำนะ",
        "userDefined": true
      }
    ],
    "isTemplate": false,
    "count": 0,
    "lang": "th",
    "updated": 0
  }
]