[
  {
    "id": "f2af44ae-e65a-48d4-82ed-5ef1a1208d9a",
    "data": [
      {
        "text": "siradanai27@gmail.com",
        "meta": "@sys.any",
        "alias": "email",
        "userDefined": true
      }
    ],
    "isTemplate": false,
    "count": 0,
    "lang": "th",
    "updated": 0
  },
  {
    "id": "6d6f288f-9471-4e74-a95a-892d0e87f3c5",
    "data": [
      {
        "text": "University@mail.uni.ac.th",
        "meta": "@sys.any",
        "alias": "email",
        "userDefined": true
      }
    ],
    "isTemplate": false,
    "count": 0,
    "lang": "th",
    "updated": 0
  },
  {
    "id": "0e7e4a3e-793e-41db-9ac5-2faa1299d62b",
    "data": [
      {
        "text": "Microsoft@outlook.com",
        "meta": "@sys.any",
        "alias": "email",
        "userDefined": true
      }
    ],
    "isTemplate": false,
    "count": 0,
    "lang": "th",
    "updated": 0
  },
  {
    "id": "a3325689-0e5b-4286-9edd-55d4dcc72803",
    "data": [
      {
        "text": "google@gmail.com",
        "meta": "@sys.any",
        "alias": "email",
        "userDefined": true
      }
    ],
    "isTemplate": false,
    "count": 0,
    "lang": "th",
    "updated": 0
  },
  {
    "id": "c01deded-8b1b-477d-91fb-03640be19786",
    "data": [
      {
        "text": "Testing@hotmail.com",
        "meta": "@sys.any",
        "alias": "email",
        "userDefined": true
      }
    ],
    "isTemplate": false,
    "count": 0,
    "lang": "th",
    "updated": 0
  }
]