[
  {
    "id": "e449a25a-c32c-4396-9257-b5f54b59b9c0",
    "data": [
      {
        "text": "0870000000",
        "meta": "@sys.number",
        "alias": "phoneNum",
        "userDefined": true
      }
    ],
    "isTemplate": false,
    "count": 0,
    "lang": "th",
    "updated": 0
  },
  {
    "id": "40de7a3c-e5b1-4e4e-9ed2-5e0fb8e8fb15",
    "data": [
      {
        "text": "0910000000",
        "meta": "@sys.number",
        "alias": "phoneNum",
        "userDefined": true
      }
    ],
    "isTemplate": false,
    "count": 0,
    "lang": "th",
    "updated": 0
  },
  {
    "id": "7eef9f02-2b6b-44fa-ac4c-a016f4cb0bdb",
    "data": [
      {
        "text": "0861111111",
        "meta": "@sys.number",
        "alias": "phoneNum",
        "userDefined": true
      }
    ],
    "isTemplate": false,
    "count": 0,
    "lang": "th",
    "updated": 0
  },
  {
    "id": "aaee4afb-c14a-4612-aa91-1d00d91731cf",
    "data": [
      {
        "text": "0879533211",
        "meta": "@sys.number",
        "alias": "phoneNum",
        "userDefined": true
      }
    ],
    "isTemplate": false,
    "count": 0,
    "lang": "th",
    "updated": 0
  },
  {
    "id": "5f013ab1-90a2-4949-b9be-52caad5b0a81",
    "data": [
      {
        "text": "0951234567",
        "meta": "@sys.number",
        "alias": "phoneNum",
        "userDefined": true
      }
    ],
    "isTemplate": false,
    "count": 0,
    "lang": "th",
    "updated": 0
  }
]