[
  {
    "id": "f0dc9f78-2bac-4eb6-a799-208de65b70f0",
    "data": [
      {
        "text": "ถูกต้อง",
        "userDefined": false
      }
    ],
    "isTemplate": false,
    "count": 0,
    "lang": "th",
    "updated": 0
  },
  {
    "id": "32c7dbf9-3608-4894-9169-ad9de1c3c5e0",
    "data": [
      {
        "text": "ถูก",
        "userDefined": false
      }
    ],
    "isTemplate": false,
    "count": 0,
    "lang": "th",
    "updated": 0
  },
  {
    "id": "192ee6d7-8d35-49dc-bf27-1ab018d97d15",
    "data": [
      {
        "text": "ได้สิ",
        "userDefined": false
      }
    ],
    "isTemplate": false,
    "count": 0,
    "lang": "th",
    "updated": 0
  },
  {
    "id": "c42d6825-4db9-48bc-b578-67ca658a9437",
    "data": [
      {
        "text": "ใช่เลย",
        "userDefined": false
      }
    ],
    "isTemplate": false,
    "count": 0,
    "lang": "th",
    "updated": 0
  },
  {
    "id": "3c64bbeb-5e1b-4406-8ef5-ee7b3ca39a6b",
    "data": [
      {
        "text": "ฉันยอมรับ",
        "userDefined": false
      }
    ],
    "isTemplate": false,
    "count": 0,
    "lang": "th",
    "updated": 0
  },
  {
    "id": "2516b8fc-0e02-4b33-a14b-cfb8a7cd210f",
    "data": [
      {
        "text": "ยืนยัน",
        "userDefined": false
      }
    ],
    "isTemplate": false,
    "count": 0,
    "lang": "th",
    "updated": 0
  },
  {
    "id": "d87359fd-f858-49a8-8c30-e36325b439ac",
    "data": [
      {
        "text": "ได้เลย",
        "userDefined": false
      }
    ],
    "isTemplate": false,
    "count": 0,
    "lang": "th",
    "updated": 0
  },
  {
    "id": "de900fa9-493a-48bb-92a4-ace74446d9fd",
    "data": [
      {
        "text": "โอเคนะ",
        "userDefined": false
      }
    ],
    "isTemplate": false,
    "count": 0,
    "lang": "th",
    "updated": 0
  },
  {
    "id": "53192cd4-5974-47ed-906f-bbf3732b3106",
    "data": [
      {
        "text": "ใช่",
        "userDefined": false
      }
    ],
    "isTemplate": false,
    "count": 0,
    "lang": "th",
    "updated": 0
  },
  {
    "id": "1326cb06-1528-4721-ac75-ffde6d9a743f",
    "data": [
      {
        "text": "ดีมาก",
        "userDefined": false
      }
    ],
    "isTemplate": false,
    "count": 0,
    "lang": "th",
    "updated": 0
  },
  {
    "id": "debc8f72-e528-4b61-9a25-b3a45d5f73eb",
    "data": [
      {
        "text": "ถูกต้องแล้ว",
        "userDefined": false
      }
    ],
    "isTemplate": false,
    "count": 0,
    "lang": "th",
    "updated": 0
  },
  {
    "id": "d6da16db-ec9a-4c98-92f8-40dc21c7ceb6",
    "data": [
      {
        "text": "ทำเลย",
        "userDefined": true
      }
    ],
    "isTemplate": false,
    "count": 0,
    "lang": "th",
    "updated": 0
  }
]