[
  {
    "id": "78ab4516-625f-4f1c-aad6-f2c8cfa94433",
    "data": [
      {
        "text": "เเน่นอน",
        "userDefined": false
      }
    ],
    "isTemplate": false,
    "count": 0,
    "lang": "th",
    "updated": 0
  },
  {
    "id": "4143a315-48bd-4712-acf4-53012e580d96",
    "data": [
      {
        "text": "ถูก",
        "userDefined": false
      }
    ],
    "isTemplate": false,
    "count": 0,
    "lang": "th",
    "updated": 0
  },
  {
    "id": "de923d10-8513-4cff-8d8b-8e1d9daf18bd",
    "data": [
      {
        "text": "ได้สิ",
        "userDefined": false
      }
    ],
    "isTemplate": false,
    "count": 0,
    "lang": "th",
    "updated": 0
  },
  {
    "id": "9741aa19-ae82-4db1-907f-ee732bf6bd7b",
    "data": [
      {
        "text": "ใช่เลย",
        "userDefined": false
      }
    ],
    "isTemplate": false,
    "count": 0,
    "lang": "th",
    "updated": 0
  },
  {
    "id": "0aa98cd0-ee86-4f18-95b2-56151a4fa7cc",
    "data": [
      {
        "text": "ฉันยอมรับ",
        "userDefined": false
      }
    ],
    "isTemplate": false,
    "count": 0,
    "lang": "th",
    "updated": 0
  },
  {
    "id": "9432a73f-dbc4-442f-9fab-fa9490d1671e",
    "data": [
      {
        "text": "ยืนยัน",
        "userDefined": false
      }
    ],
    "isTemplate": false,
    "count": 0,
    "lang": "th",
    "updated": 0
  },
  {
    "id": "45f03334-9195-4923-aa2d-e3e20b0ec924",
    "data": [
      {
        "text": "ได้เลย",
        "userDefined": false
      }
    ],
    "isTemplate": false,
    "count": 0,
    "lang": "th",
    "updated": 0
  },
  {
    "id": "09f160e4-3458-4388-992b-968665198850",
    "data": [
      {
        "text": "โอเคนะ",
        "userDefined": false
      }
    ],
    "isTemplate": false,
    "count": 0,
    "lang": "th",
    "updated": 0
  },
  {
    "id": "b0cc8eb8-67f1-4b5d-b34f-0823c54dbab5",
    "data": [
      {
        "text": "ใช่",
        "userDefined": false
      }
    ],
    "isTemplate": false,
    "count": 0,
    "lang": "th",
    "updated": 0
  },
  {
    "id": "f2b7ff42-0ed2-40aa-aec4-ccf442df53ee",
    "data": [
      {
        "text": "ดีมาก",
        "userDefined": false
      }
    ],
    "isTemplate": false,
    "count": 0,
    "lang": "th",
    "updated": 0
  },
  {
    "id": "24cb97fe-be16-4f54-b29e-b4cb80eb6086",
    "data": [
      {
        "text": "ถูกต้องแล้ว",
        "userDefined": false
      }
    ],
    "isTemplate": false,
    "count": 0,
    "lang": "th",
    "updated": 0
  },
  {
    "id": "11b3952a-0259-42f1-9e5a-e9fe22f9cd78",
    "data": [
      {
        "text": "ทำเลย",
        "userDefined": false
      }
    ],
    "isTemplate": false,
    "count": 0,
    "lang": "th",
    "updated": 0
  }
]