[
  {
    "id": "842c6936-d902-41a0-a417-c880eb698a27",
    "data": [
      {
        "text": "นัฐการณ์ ศัตถพบ",
        "meta": "@sys.any",
        "alias": "name",
        "userDefined": true
      }
    ],
    "isTemplate": false,
    "count": 0,
    "lang": "th",
    "updated": 0
  },
  {
    "id": "c71b45b2-fab8-4fdb-bcdc-667ac03a1892",
    "data": [
      {
        "text": "อะไรก็ได้ เลยนะครับ",
        "meta": "@sys.any",
        "alias": "name",
        "userDefined": true
      }
    ],
    "isTemplate": false,
    "count": 0,
    "lang": "th",
    "updated": 0
  }
]