[
  {
    "id": "820dbcf8-4c58-4f7c-ad8f-6133f405a953",
    "data": [
      {
        "text": "ดู",
        "meta": "@sys.ignore",
        "userDefined": false
      }
    ],
    "isTemplate": false,
    "count": 0,
    "lang": "th",
    "updated": 0
  },
  {
    "id": "3d62aa09-cd27-4425-b9be-624234a016c7",
    "data": [
      {
        "text": "รายละเอียด",
        "userDefined": false
      }
    ],
    "isTemplate": false,
    "count": 1,
    "lang": "th",
    "updated": 0
  },
  {
    "id": "6e2df5f7-ed5b-4d6f-b68f-12b3ccd99132",
    "data": [
      {
        "text": "ข้อมูล",
        "userDefined": false
      }
    ],
    "isTemplate": false,
    "count": 0,
    "lang": "th",
    "updated": 0
  },
  {
    "id": "dcedd370-2d9a-4400-8d31-14f1db8fcb14",
    "data": [
      {
        "text": "ข้อมูลจ่ะ",
        "userDefined": false
      }
    ],
    "isTemplate": false,
    "count": 0,
    "lang": "th",
    "updated": 0
  },
  {
    "id": "dee3258d-1142-48a4-9f2b-28ec0b52cce8",
    "data": [
      {
        "text": "ขอดูข้อมูลหน่อยสิครับ",
        "userDefined": false
      }
    ],
    "isTemplate": false,
    "count": 0,
    "lang": "th",
    "updated": 0
  },
  {
    "id": "62232eb8-5162-4f21-8193-007ea82728bd",
    "data": [
      {
        "text": "ดูข้อมูล",
        "userDefined": false
      }
    ],
    "isTemplate": false,
    "count": 0,
    "lang": "th",
    "updated": 0
  }
]