[
  {
    "id": "ad3a2cdf-9f8e-4e0b-a770-bfd61e05ec3f",
    "data": [
      {
        "text": "อบรมที่2",
        "meta": "@sys.any",
        "alias": "Topic",
        "userDefined": true
      }
    ],
    "isTemplate": false,
    "count": 0,
    "lang": "th",
    "updated": 0
  },
  {
    "id": "0b015995-ea3f-4a06-8b61-da8f60dcfd4a",
    "data": [
      {
        "text": "อบรมที่1",
        "meta": "@sys.any",
        "alias": "Topic",
        "userDefined": true
      }
    ],
    "isTemplate": false,
    "count": 0,
    "lang": "th",
    "updated": 0
  }
]