[
  {
    "id": "e4eb0790-6cf6-4c1f-8ad9-7d92ea3deeab",
    "data": [
      {
        "text": "อบรม 2",
        "meta": "@sys.any",
        "alias": "Topic",
        "userDefined": true
      }
    ],
    "isTemplate": false,
    "count": 0,
    "lang": "th",
    "updated": 0
  },
  {
    "id": "1bbf9a36-98ed-4aa3-b8c1-d66eb5f72bc9",
    "data": [
      {
        "text": "อบรม 1",
        "meta": "@sys.any",
        "alias": "Topic",
        "userDefined": true
      }
    ],
    "isTemplate": false,
    "count": 0,
    "lang": "th",
    "updated": 0
  }
]