[
  {
    "id": "91885b99-a5e5-4d50-a89d-a20432c0d002",
    "data": [
      {
        "text": "15 01 63",
        "meta": "@sys.date-time",
        "alias": "date",
        "userDefined": true
      }
    ],
    "isTemplate": false,
    "count": 0,
    "lang": "th",
    "updated": 0
  },
  {
    "id": "0a771bbd-7f96-4017-bb9a-f388e66cd408",
    "data": [
      {
        "text": " 01 63",
        "userDefined": false
      }
    ],
    "isTemplate": false,
    "count": 0,
    "lang": "th",
    "updated": 0
  },
  {
    "id": "ae72081c-a5e4-48fa-b2d5-7c8bba5fe5b8",
    "data": [
      {
        "text": "1/05/2563",
        "meta": "@sys.date-time",
        "alias": "date",
        "userDefined": false
      }
    ],
    "isTemplate": false,
    "count": 0,
    "lang": "th",
    "updated": 0
  },
  {
    "id": "1b670ec5-90b5-458e-8078-68300efcd550",
    "data": [
      {
        "text": "1/5/2563",
        "meta": "@sys.date-time",
        "alias": "date",
        "userDefined": false
      }
    ],
    "isTemplate": false,
    "count": 0,
    "lang": "th",
    "updated": 0
  },
  {
    "id": "eb310999-afa4-4418-804b-63b853dc1c7a",
    "data": [
      {
        "text": "1 ก.พ. 2563",
        "meta": "@sys.date-time",
        "alias": "date",
        "userDefined": false
      }
    ],
    "isTemplate": false,
    "count": 0,
    "lang": "th",
    "updated": 0
  },
  {
    "id": "b7899304-64c6-47ae-a31f-77abc0995c97",
    "data": [
      {
        "text": "01 พ.ค 2563",
        "meta": "@sys.date-time",
        "alias": "date",
        "userDefined": false
      }
    ],
    "isTemplate": false,
    "count": 0,
    "lang": "th",
    "updated": 0
  },
  {
    "id": "0f8370ba-f3c5-496c-b3e8-0b0aa6c32f6c",
    "data": [
      {
        "text": "09/12/63",
        "meta": "@sys.date-time",
        "alias": "date",
        "userDefined": false
      }
    ],
    "isTemplate": false,
    "count": 0,
    "lang": "th",
    "updated": 0
  },
  {
    "id": "97ca19cf-255b-47d3-9d89-5b71be46f1c8",
    "data": [
      {
        "text": "29/04/2563",
        "meta": "@sys.date-time",
        "alias": "date",
        "userDefined": false
      }
    ],
    "isTemplate": false,
    "count": 0,
    "lang": "th",
    "updated": 0
  },
  {
    "id": "53d5ba34-2cc7-440a-979e-f724e7ea064e",
    "data": [
      {
        "text": "11/10/63",
        "meta": "@sys.date-time",
        "alias": "date",
        "userDefined": false
      }
    ],
    "isTemplate": false,
    "count": 0,
    "lang": "th",
    "updated": 0
  },
  {
    "id": "49247f55-4c72-47a9-895a-9c20257f339c",
    "data": [
      {
        "text": "23 พ.ค. 2563",
        "meta": "@sys.date-time",
        "alias": "date",
        "userDefined": true
      }
    ],
    "isTemplate": false,
    "count": 0,
    "lang": "th",
    "updated": 0
  },
  {
    "id": "9dc6c2aa-c571-4d38-bc23-7c85f5e69c24",
    "data": [
      {
        "text": "01/04/2563",
        "meta": "@sys.date-time",
        "alias": "date",
        "userDefined": false
      }
    ],
    "isTemplate": false,
    "count": 0,
    "lang": "th",
    "updated": 0
  }
]