[
  {
    "id": "b4e12217-8bc3-44cc-94ec-61e4b296091c",
    "data": [
      {
        "text": "โปรเเกรมมิ่ง",
        "meta": "@Topic",
        "alias": "topic",
        "userDefined": false
      }
    ],
    "isTemplate": false,
    "count": 0,
    "lang": "th",
    "updated": 0
  },
  {
    "id": "bd994ca2-0168-4afc-a6d0-65d1de56bdea",
    "data": [
      {
        "text": "Database",
        "meta": "@Topic",
        "alias": "topic",
        "userDefined": true
      }
    ],
    "isTemplate": false,
    "count": 0,
    "lang": "th",
    "updated": 0
  },
  {
    "id": "202b1778-f91b-406e-9712-b8f5ea07b3b9",
    "data": [
      {
        "text": "programing",
        "meta": "@Topic",
        "alias": "topic",
        "userDefined": false
      }
    ],
    "isTemplate": false,
    "count": 0,
    "lang": "th",
    "updated": 0
  },
  {
    "id": "e869fa56-b33c-442f-9eea-8365104461a7",
    "data": [
      {
        "text": "Static",
        "meta": "@Topic",
        "alias": "topic",
        "userDefined": true
      }
    ],
    "isTemplate": false,
    "count": 0,
    "lang": "th",
    "updated": 0
  },
  {
    "id": "f7df40b1-4378-4973-b4b7-23541f29d9da",
    "data": [
      {
        "text": "science",
        "meta": "@Topic",
        "alias": "topic",
        "userDefined": true
      }
    ],
    "isTemplate": false,
    "count": 0,
    "lang": "th",
    "updated": 0
  },
  {
    "id": "9c98ab8f-93b7-45a7-ba7b-553b86ea5abe",
    "data": [
      {
        "text": "math",
        "meta": "@Topic",
        "alias": "topic",
        "userDefined": true
      }
    ],
    "isTemplate": false,
    "count": 0,
    "lang": "th",
    "updated": 0
  },
  {
    "id": "1d5d6acf-ead9-4a35-a24d-6cc65caddad8",
    "data": [
      {
        "text": "Python",
        "meta": "@Topic",
        "alias": "topic",
        "userDefined": false
      }
    ],
    "isTemplate": false,
    "count": 0,
    "lang": "th",
    "updated": 0
  }
]