[
  {
    "id": "a1fb8ca8-01f1-4cc5-8c60-350234cbec2b",
    "data": [
      {
        "text": "ดีครับ",
        "userDefined": false
      }
    ],
    "isTemplate": false,
    "count": 0,
    "lang": "th",
    "updated": 0
  },
  {
    "id": "06b731d4-722a-4716-bc40-c9cd10e63e44",
    "data": [
      {
        "text": "ดี",
        "meta": "@sys.ignore",
        "userDefined": false
      }
    ],
    "isTemplate": false,
    "count": 0,
    "lang": "th",
    "updated": 0
  },
  {
    "id": "b278f610-4ace-46c9-8624-7430f18fd5d0",
    "data": [
      {
        "text": "สวัสดี",
        "userDefined": false
      }
    ],
    "isTemplate": false,
    "count": 0,
    "lang": "th",
    "updated": 0
  },
  {
    "id": "f0bc25f9-7baf-49a2-997e-8fee2f6b4e1a",
    "data": [
      {
        "text": "หวัดดีจ้ะ",
        "userDefined": false
      }
    ],
    "isTemplate": false,
    "count": 0,
    "lang": "th",
    "updated": 0
  },
  {
    "id": "f4b57d9a-ddc3-40c6-b708-81730316b094",
    "data": [
      {
        "text": "สวัสดีน้า",
        "userDefined": false
      }
    ],
    "isTemplate": false,
    "count": 0,
    "lang": "th",
    "updated": 0
  },
  {
    "id": "e22a41d2-0b5d-429f-b371-3163a92e39bd",
    "data": [
      {
        "text": "ว่าไง",
        "userDefined": false
      }
    ],
    "isTemplate": false,
    "count": 0,
    "lang": "th",
    "updated": 0
  },
  {
    "id": "34bea78e-b99a-414c-859c-7d597b4413d9",
    "data": [
      {
        "text": "สวีดัส",
        "userDefined": false
      }
    ],
    "isTemplate": false,
    "count": 0,
    "lang": "th",
    "updated": 0
  },
  {
    "id": "2d7d536a-2be6-4c45-b845-eaaad3dc6595",
    "data": [
      {
        "text": "สวัสดีจ้ะ",
        "userDefined": false
      }
    ],
    "isTemplate": false,
    "count": 0,
    "lang": "th",
    "updated": 0
  },
  {
    "id": "0322bf5e-a2e7-405b-9d8b-d754d2e9795e",
    "data": [
      {
        "text": "หวัดดีจ้า",
        "userDefined": false
      }
    ],
    "isTemplate": false,
    "count": 0,
    "lang": "th",
    "updated": 0
  },
  {
    "id": "32e19293-687c-43ed-a70a-668fb6d98ce0",
    "data": [
      {
        "text": "ไม่เจอกันตั้งนาน",
        "userDefined": false
      }
    ],
    "isTemplate": false,
    "count": 0,
    "lang": "th",
    "updated": 0
  },
  {
    "id": "ca6b975f-7bcf-4202-9966-05ed14c7e52a",
    "data": [
      {
        "text": "ขอทักทาย",
        "userDefined": false
      }
    ],
    "isTemplate": false,
    "count": 0,
    "lang": "th",
    "updated": 0
  },
  {
    "id": "ae398170-5be8-47f5-a636-964da0bea39c",
    "data": [
      {
        "text": "หวัดดี",
        "userDefined": false
      }
    ],
    "isTemplate": false,
    "count": 0,
    "lang": "th",
    "updated": 0
  }
]