[
  {
    "value": "ตกลง",
    "synonyms": [
      "ตกลง",
      "เเน่นอน",
      "ใช่",
      "เอา",
      "ต้องการ",
      "แน่นอน"
    ]
  },
  {
    "value": "ไม่ตกลง",
    "synonyms": [
      "ไม่ตกลง",
      "ไม่",
      "ไม่เอา",
      "ไม่ต้องการ"
    ]
  },
  {
    "value": "ถูกต้อง",
    "synonyms": [
      "ถูกต้อง"
    ]
  },
  {
    "value": "ไม่ถูกต้อง",
    "synonyms": [
      "ไม่ถูกต้อง"
    ]
  },
  {
    "value": "ต้องการจ่ายเงิน",
    "synonyms": [
      "ต้องการจ่ายเงิน"
    ]
  },
  {
    "value": "สมัคร",
    "synonyms": [
      "สมัคร"
    ]
  },
  {
    "value": "เช็คชื่อ",
    "synonyms": [
      "เช็คชื่อ",
      "เช็คการเข้าร่วม",
      "เช็คชื่อเข้าร่วม"
    ]
  },
  {
    "value": "รายการที่ต้องจ่าย",
    "synonyms": [
      "รายการที่ต้องจ่าย",
      "ที่ต้องจ่าย",
      "ยังไม่จ่าย"
    ]
  },
  {
    "value": "จ่าย",
    "synonyms": [
      "จ่าย",
      "จ่ายเงิน",
      "ชำระเงิน"
    ]
  },
  {
    "value": "แสดงรายการอบรม",
    "synonyms": [
      "เเสดงรายการอบรม",
      "แสดงรายการอบรม"
    ]
  },
  {
    "value": "รายละเอียด",
    "synonyms": [
      "รายละเอียด",
      "เเสดงรายละเอียด",
      "แสดงรายละเอียด"
    ]
  },
  {
    "value": "เสร็จสิ้น",
    "synonyms": [
      "เสร็จสิ้น",
      "เรียบร้อย"
    ]
  }
]