[
  {
    "value": "Python for Expert",
    "synonyms": [
      "Python for Expert",
      "python for expert",
      "Python for expert",
      "python for Expert",
      "python For expert"
    ]
  },
  {
    "value": "Python for Beginner",
    "synonyms": [
      "Python for Beginner",
      "Python for beginner",
      "python for Beginner",
      "python For beginner",
      "python for beginner"
    ]
  },
  {
    "value": "Java for Beginner",
    "synonyms": [
      "Java for Beginner",
      "java for beginner"
    ]
  },
  {
    "value": "Java for Expert",
    "synonyms": [
      "Java for Expert",
      "java for expert"
    ]
  },
  {
    "value": "React application",
    "synonyms": [
      "React application",
      "react application"
    ]
  },
  {
    "value": "ML for Future",
    "synonyms": [
      "ML for Future",
      "ml for future"
    ]
  },
  {
    "value": "Chatbot for Enterprise",
    "synonyms": [
      "Chatbot for Enterprise",
      "chatbot for enterprise"
    ]
  }
]