[
  {
    "value": "Test",
    "synonyms": [
      "Test"
    ]
  },
  {
    "value": "Node.js for Developer",
    "synonyms": [
      "Node.js for Developer"
    ]
  },
  {
    "value": "Node test",
    "synonyms": [
      "Node test"
    ]
  },
  {
    "value": "Node test1",
    "synonyms": [
      "Node test1"
    ]
  },
  {
    "value": "Node tes",
    "synonyms": [
      "Node tes"
    ]
  },
  {
    "value": "Node test3",
    "synonyms": [
      "Node test3"
    ]
  },
  {
    "value": "Node test professional",
    "synonyms": [
      "Node test professional"
    ]
  },
  {
    "value": "Loan",
    "synonyms": [
      "Loan"
    ]
  },
  {
    "value": "Loan for new student",
    "synonyms": [
      "Loan for new student"
    ]
  },
  {
    "value": "Loan again",
    "synonyms": [
      "Loan again"
    ]
  },
  {
    "value": "Loan new",
    "synonyms": [
      "Loan new"
    ]
  },
  {
    "value": "React for Newbie",
    "synonyms": [
      "React for Newbie"
    ]
  },
  {
    "value": "ทดสอบ-1",
    "synonyms": [
      "ทดสอบ-1"
    ]
  },
  {
    "value": "ทดสอบ-2",
    "synonyms": [
      "ทดสอบ-2"
    ]
  },
  {
    "value": "test-Surat",
    "synonyms": [
      "test-Surat"
    ]
  },
  {
    "value": "test Surat",
    "synonyms": [
      "test Surat"
    ]
  },
  {
    "value": "a",
    "synonyms": [
      "a"
    ]
  }
]